tpch,arquero,[],1785281501390,"[0.01, 1.0]",Arquero does not implement join reordering and query unnesting. The plans were generated by a relational database and were manually migrated to the Arquero API.,arquero_tpch_001_q1,"Benchmark `arquero_tpch_001_q1` failed to run `before` callback: Unrecognized type: ""undefined""",0,0,0.0,0.0,0.0,0.0,0.0,0.0,0.0,0.0
tpch,arquero,[],1785281501390,"[0.01, 2.0]",Arquero does not implement join reordering and query unnesting. The plans were generated by a relational database and were manually migrated to the Arquero API.,arquero_tpch_001_q2,"Benchmark `arquero_tpch_001_q2` failed to run `before` callback: Unrecognized type: ""undefined""",0,0,0.0,0.0,0.0,0.0,0.0,0.0,0.0,0.0
tpch,arquero,[],1785281501390,"[0.01, 3.0]",Arquero does not implement join reordering and query unnesting. The plans were generated by a relational database and were manually migrated to the Arquero API.,arquero_tpch_001_q3,"Benchmark `arquero_tpch_001_q3` failed to run `before` callback: Unrecognized type: ""undefined""",0,0,0.0,0.0,0.0,0.0,0.0,0.0,0.0,0.0
tpch,arquero,[],1785281501390,"[0.01, 4.0]",Arquero does not implement join reordering and query unnesting. The plans were generated by a relational database and were manually migrated to the Arquero API.,arquero_tpch_001_q4,"Benchmark `arquero_tpch_001_q4` failed to run `before` callback: Unrecognized type: ""undefined""",0,0,0.0,0.0,0.0,0.0,0.0,0.0,0.0,0.0
tpch,arquero,[],1785281501390,"[0.01, 5.0]",Arquero does not implement join reordering and query unnesting. The plans were generated by a relational database and were manually migrated to the Arquero API.,arquero_tpch_001_q5,"Benchmark `arquero_tpch_001_q5` failed to run `before` callback: Unrecognized type: ""undefined""",0,0,0.0,0.0,0.0,0.0,0.0,0.0,0.0,0.0
tpch,arquero,[],1785281501390,"[0.01, 6.0]",Arquero does not implement join reordering and query unnesting. The plans were generated by a relational database and were manually migrated to the Arquero API.,arquero_tpch_001_q6,"Benchmark `arquero_tpch_001_q6` failed to run `before` callback: Unrecognized type: ""undefined""",0,0,0.0,0.0,0.0,0.0,0.0,0.0,0.0,0.0
tpch,arquero,[],1785281501390,"[0.01, 7.0]",Arquero does not implement join reordering and query unnesting. The plans were generated by a relational database and were manually migrated to the Arquero API.,arquero_tpch_001_q7,"Benchmark `arquero_tpch_001_q7` failed to run `before` callback: Unrecognized type: ""undefined""",0,0,0.0,0.0,0.0,0.0,0.0,0.0,0.0,0.0
tpch,arquero,[],1785281501390,"[0.01, 8.0]",Arquero does not implement join reordering and query unnesting. The plans were generated by a relational database and were manually migrated to the Arquero API.,arquero_tpch_001_q8,"Benchmark `arquero_tpch_001_q8` failed to run `before` callback: Unrecognized type: ""undefined""",0,0,0.0,0.0,0.0,0.0,0.0,0.0,0.0,0.0
tpch,arquero,[],1785281501390,"[0.01, 9.0]",Arquero does not implement join reordering and query unnesting. The plans were generated by a relational database and were manually migrated to the Arquero API.,arquero_tpch_001_q9,"Benchmark `arquero_tpch_001_q9` failed to run `before` callback: Unrecognized type: ""undefined""",0,0,0.0,0.0,0.0,0.0,0.0,0.0,0.0,0.0
tpch,arquero,[],1785281501390,"[0.01, 10.0]",Arquero does not implement join reordering and query unnesting. The plans were generated by a relational database and were manually migrated to the Arquero API.,arquero_tpch_001_q10,"Benchmark `arquero_tpch_001_q10` failed to run `before` callback: Unrecognized type: ""undefined""",0,0,0.0,0.0,0.0,0.0,0.0,0.0,0.0,0.0
tpch,arquero,[],1785281501390,"[0.01, 11.0]",Arquero does not implement join reordering and query unnesting. The plans were generated by a relational database and were manually migrated to the Arquero API.,arquero_tpch_001_q11,"Benchmark `arquero_tpch_001_q11` failed to run `before` callback: Unrecognized type: ""undefined""",0,0,0.0,0.0,0.0,0.0,0.0,0.0,0.0,0.0
tpch,arquero,[],1785281501390,"[0.01, 12.0]",Arquero does not implement join reordering and query unnesting. The plans were generated by a relational database and were manually migrated to the Arquero API.,arquero_tpch_001_q12,"Benchmark `arquero_tpch_001_q12` failed to run `before` callback: Unrecognized type: ""undefined""",0,0,0.0,0.0,0.0,0.0,0.0,0.0,0.0,0.0
tpch,arquero,[],1785281501390,"[0.01, 13.0]",Arquero does not implement join reordering and query unnesting. The plans were generated by a relational database and were manually migrated to the Arquero API.,arquero_tpch_001_q13,"Benchmark `arquero_tpch_001_q13` failed to run `before` callback: Unrecognized type: ""undefined""",0,0,0.0,0.0,0.0,0.0,0.0,0.0,0.0,0.0
tpch,arquero,[],1785281501390,"[0.01, 14.0]",Arquero does not implement join reordering and query unnesting. The plans were generated by a relational database and were manually migrated to the Arquero API.,arquero_tpch_001_q14,"Benchmark `arquero_tpch_001_q14` failed to run `before` callback: Unrecognized type: ""undefined""",0,0,0.0,0.0,0.0,0.0,0.0,0.0,0.0,0.0
tpch,arquero,[],1785281501390,"[0.01, 15.0]",Arquero does not implement join reordering and query unnesting. The plans were generated by a relational database and were manually migrated to the Arquero API.,arquero_tpch_001_q15,"Benchmark `arquero_tpch_001_q15` failed to run `before` callback: Unrecognized type: ""undefined""",0,0,0.0,0.0,0.0,0.0,0.0,0.0,0.0,0.0
tpch,arquero,[],1785281501390,"[0.01, 16.0]",Arquero does not implement join reordering and query unnesting. The plans were generated by a relational database and were manually migrated to the Arquero API.,arquero_tpch_001_q16,"Benchmark `arquero_tpch_001_q16` failed to run `before` callback: Unrecognized type: ""undefined""",0,0,0.0,0.0,0.0,0.0,0.0,0.0,0.0,0.0
tpch,arquero,[],1785281501390,"[0.01, 17.0]",Arquero does not implement join reordering and query unnesting. The plans were generated by a relational database and were manually migrated to the Arquero API.,arquero_tpch_001_q17,"Benchmark `arquero_tpch_001_q17` failed to run `before` callback: Unrecognized type: ""undefined""",0,0,0.0,0.0,0.0,0.0,0.0,0.0,0.0,0.0
tpch,arquero,[],1785281501390,"[0.01, 18.0]",Arquero does not implement join reordering and query unnesting. The plans were generated by a relational database and were manually migrated to the Arquero API.,arquero_tpch_001_q18,"Benchmark `arquero_tpch_001_q18` failed to run `before` callback: Unrecognized type: ""undefined""",0,0,0.0,0.0,0.0,0.0,0.0,0.0,0.0,0.0
tpch,arquero,[],1785281501390,"[0.01, 19.0]",Arquero does not implement join reordering and query unnesting. The plans were generated by a relational database and were manually migrated to the Arquero API.,arquero_tpch_001_q19,"Benchmark `arquero_tpch_001_q19` failed to run `before` callback: Unrecognized type: ""undefined""",0,0,0.0,0.0,0.0,0.0,0.0,0.0,0.0,0.0
tpch,arquero,[],1785281501390,"[0.01, 20.0]",Arquero does not implement join reordering and query unnesting. The plans were generated by a relational database and were manually migrated to the Arquero API.,arquero_tpch_001_q20,"Benchmark `arquero_tpch_001_q20` failed to run `before` callback: Unrecognized type: ""undefined""",0,0,0.0,0.0,0.0,0.0,0.0,0.0,0.0,0.0
tpch,arquero,[],1785281501390,"[0.01, 21.0]",Arquero does not implement join reordering and query unnesting. The plans were generated by a relational database and were manually migrated to the Arquero API.,arquero_tpch_001_q21,"Benchmark `arquero_tpch_001_q21` failed to run `before` callback: Unrecognized type: ""undefined""",0,0,0.0,0.0,0.0,0.0,0.0,0.0,0.0,0.0
tpch,arquero,[],1785281501390,"[0.01, 22.0]",Arquero does not implement join reordering and query unnesting. The plans were generated by a relational database and were manually migrated to the Arquero API.,arquero_tpch_001_q22,"Benchmark `arquero_tpch_001_q22` failed to run `before` callback: Unrecognized type: ""undefined""",0,0,0.0,0.0,0.0,0.0,0.0,0.0,0.0,0.0
tpch,lovefield,[],1785281866957,"[0.1, 1.0]",Lovefield does not support arithmetic operations and nested subqueries. Aggregates and order by clauses were often simplified. Some queries with nesting were dropped.,lovefield_tpch_01_q1,Benchmark `lovefield_tpch_01_q1` failed to run `fn`: a.getTime is not a function,1,1,0.0,0.0,0.0,0.0,0.0,0.0,0.0,0.0
tpch,lovefield,[],1785281866957,"[0.1, 3.0]",Lovefield does not support arithmetic operations and nested subqueries. Aggregates and order by clauses were often simplified. Some queries with nesting were dropped.,lovefield_tpch_01_q3,Benchmark `lovefield_tpch_01_q3` failed to run `fn`: a.getTime is not a function,1,1,0.0,0.0,0.0,0.0,0.0,0.0,0.0,0.0
tpch,lovefield,[],1785281866957,"[0.1, 4.0]",Lovefield does not support arithmetic operations and nested subqueries. Aggregates and order by clauses were often simplified. Some queries with nesting were dropped.,lovefield_tpch_01_q4,Benchmark `lovefield_tpch_01_q4` failed to run `fn`: a.getTime is not a function,1,1,0.0,0.0,0.0,0.0,0.0,0.0,0.0,0.0
tpch,lovefield,[],1785281866957,"[0.1, 5.0]",Lovefield does not support arithmetic operations and nested subqueries. Aggregates and order by clauses were often simplified. Some queries with nesting were dropped.,lovefield_tpch_01_q5,Benchmark `lovefield_tpch_01_q5` failed to run `fn`: a.getTime is not a function,1,1,0.0,0.0,0.0,0.0,0.0,0.0,0.0,0.0
tpch,lovefield,[],1785281866957,"[0.1, 6.0]",Lovefield does not support arithmetic operations and nested subqueries. Aggregates and order by clauses were often simplified. Some queries with nesting were dropped.,lovefield_tpch_01_q6,,29,5,5.5373906409533395,180.5904738965348,169.36905200011097,46.29532736787572,374.69358900003135,159.68646800005808,5237.123742999509,5237.996013999451
tpch,lovefield,[],1785281866957,"[0.1, 7.0]",Lovefield does not support arithmetic operations and nested subqueries. Aggregates and order by clauses were often simplified. Some queries with nesting were dropped.,lovefield_tpch_01_q7,Benchmark `lovefield_tpch_01_q7` failed to run `fn`: a.getTime is not a function,1,1,0.0,0.0,0.0,0.0,0.0,0.0,0.0,0.0
tpch,lovefield,[],1785281866957,"[0.1, 8.0]",Lovefield does not support arithmetic operations and nested subqueries. Aggregates and order by clauses were often simplified. Some queries with nesting were dropped.,lovefield_tpch_01_q8,Benchmark `lovefield_tpch_01_q8` failed to run `fn`: a.getTime is not a function,1,1,0.0,0.0,0.0,0.0,0.0,0.0,0.0,0.0
tpch,lovefield,[],1785281866957,"[0.1, 9.0]",Lovefield does not support arithmetic operations and nested subqueries. Aggregates and order by clauses were often simplified. Some queries with nesting were dropped.,lovefield_tpch_01_q9,,2,2,0.22916515397374823,4363.665167499916,4469.136977999937,105.47181050002109,4469.136977999937,4258.193356999895,8727.330334999831,8727.366782000288
tpch,lovefield,[],1785281866957,"[0.1, 10.0]",Lovefield does not support arithmetic operations and nested subqueries. Aggregates and order by clauses were often simplified. Some queries with nesting were dropped.,lovefield_tpch_01_q10,Benchmark `lovefield_tpch_01_q10` failed to run `fn`: a.getTime is not a function,1,1,0.0,0.0,0.0,0.0,0.0,0.0,0.0,0.0
tpch,lovefield,[],1785281866957,"[0.1, 12.0]",Lovefield does not support arithmetic operations and nested subqueries. Aggregates and order by clauses were often simplified. Some queries with nesting were dropped.,lovefield_tpch_01_q12,Benchmark `lovefield_tpch_01_q12` failed to run `fn`: a.getTime is not a function,1,1,0.0,0.0,0.0,0.0,0.0,0.0,0.0,0.0
tpch,lovefield,[],1785281866957,"[0.1, 13.0]","",lovefield_tpch_01_q13,,8,4,1.2281516978859357,814.2316634999879,810.9540069999639,16.27551795075138,848.5063289999962,798.867957000155,6513.853307999903,6514.0056729998905
tpch,lovefield,[],1785281866957,"[0.1, 14.0]","",lovefield_tpch_01_q14,Benchmark `lovefield_tpch_01_q14` failed to run `fn`: a.getTime is not a function,1,1,0.0,0.0,0.0,0.0,0.0,0.0,0.0,0.0
tpch,lovefield,[],1785281866957,"[0.1, 16.0]","",lovefield_tpch_01_q16,,31,5,5.579239965134883,179.23588270966656,167.40764099988155,71.35153098896157,551.4060929999687,142.50608099997044,5556.312363999663,5556.856266999617
tpch,lovefield,[],1785281866957,"[0.1, 19.0]",Lovefield does not support arithmetic operations and nested subqueries. Aggregates and order by clauses were often simplified. Some queries with nesting were dropped.,lovefield_tpch_01_q19,,5,3,0.9849272047374767,1015.3034611999989,999.0172210000455,31.440133293961907,1070.3204410001636,983.8258930000011,5076.517305999994,5076.5928960000165
tpch,duckdb,[sync],1785281551054,"[0.1, 1.0]",,duckdb_sync_tpch_01_q1,,118,5,23.114982392688553,43.26198406780131,42.01635599997826,3.2770021890561383,60.82306799991056,41.199533000122756,5104.914120000554,5106.781349000754
tpch,duckdb,[sync],1785281551054,"[0.1, 2.0]",,duckdb_sync_tpch_01_q2,,620,5,123.64645149416242,8.087575404840566,7.631883000023663,1.3141560284048484,17.134434000123292,7.2786950001027435,5014.296751001151,5018.890320000472
tpch,duckdb,[sync],1785281551054,"[0.1, 3.0]",,duckdb_sync_tpch_01_q3,,580,5,115.6248588685088,8.648659205173367,8.495012999977916,0.6628704767833972,14.21912800008431,8.3081040000543,5016.222339000553,5019.909402003745
tpch,duckdb,[sync],1785281551054,"[0.1, 4.0]",,duckdb_sync_tpch_01_q4,,413,5,82.24749521357963,12.15842497577839,11.985243000090122,0.6295286234786879,18.369647999992594,11.818400999996811,5021.429514996475,5023.971665999154
tpch,duckdb,[sync],1785281551054,"[0.1, 5.0]",,duckdb_sync_tpch_01_q5,,539,5,107.45544675337997,9.306182517626034,9.184329000068828,0.552347837577864,16.843983999919146,8.97159199998714,5016.0323770004325,5019.059516000794
tpch,duckdb,[sync],1785281551054,"[0.1, 6.0]",,duckdb_sync_tpch_01_q6,,977,5,195.23452261587778,5.122044946771485,5.038617999991402,0.35937792378464584,9.854810999939218,4.921398999867961,5004.237912995741,5008.855047000805
tpch,duckdb,[sync],1785281551054,"[0.1, 7.0]",,duckdb_sync_tpch_01_q7,,366,5,72.55914674661382,13.781859969937807,13.664722999790683,0.6024928705233524,20.26480199978687,13.310853999806568,5044.1607489972375,5046.342457999708
tpch,duckdb,[sync],1785281551054,"[0.1, 8.0]",,duckdb_sync_tpch_01_q8,,397,5,79.23516643347367,12.620658793461436,12.495734000112861,0.5544845075253284,20.612833000021055,12.238213000120595,5010.40154100419,5018.949976001168
tpch,duckdb,[sync],1785281551054,"[0.1, 9.0]",,duckdb_sync_tpch_01_q9,,223,5,43.92480557285143,22.766179313906154,22.617320999968797,0.6178282884773982,29.356480000074953,22.19608599995263,5076.857987001073,5078.453343000263
tpch,duckdb,[sync],1785281551054,"[0.1, 10.0]",,duckdb_sync_tpch_01_q10,,170,5,33.5727075213196,29.7860993000035,29.248773000203073,1.4076152824543433,42.460238999919966,28.835579000180587,5063.636881000595,5065.237559999106
tpch,duckdb,[sync],1785281551054,"[0.1, 11.0]",,duckdb_sync_tpch_01_q11,,1361,5,272.0407261941133,3.675920197648844,3.6070059998892248,0.4013009757740104,9.567693000193685,3.5258449998218566,5002.927389000077,5009.444684995804
tpch,duckdb,[sync],1785281551054,"[0.1, 12.0]",,duckdb_sync_tpch_01_q12,,235,5,46.70668972315008,21.410209242560644,21.29671200015582,0.4606091566084799,24.827294999966398,21.015155999921262,5031.399172001751,5032.9938040010165
tpch,duckdb,[sync],1785281551054,"[0.1, 13.0]",,duckdb_sync_tpch_01_q13,,185,5,36.357304654172765,27.504789189185093,27.425659000175074,0.3716882329213523,30.480451999930665,27.249399000080302,5088.385999999242,5089.5130529997405
tpch,duckdb,[sync],1785281551054,"[0.1, 14.0]",,duckdb_sync_tpch_01_q14,,774,5,154.3578573842258,6.478452195088531,6.441032000118867,0.24733318653152966,10.120381999993697,6.3397729999851435,5014.321998998523,5017.776275995886
tpch,duckdb,[sync],1785281551054,"[0.1, 15.0]",,duckdb_sync_tpch_01_q15,,875,5,174.8062095213549,5.720620581718162,5.688965999986976,0.2153569786014577,10.021412999834865,5.584491000045091,5005.5430090033915,5009.574081005296
tpch,duckdb,[sync],1785281551054,"[0.1, 16.0]",,duckdb_sync_tpch_01_q16,,596,5,118.89587711571866,8.410720575505934,8.277941999956965,0.5731293005301477,14.968165000202134,8.167575999861583,5012.789463001536,5015.773459001444
tpch,duckdb,[sync],1785281551054,"[0.1, 17.0]",,duckdb_sync_tpch_01_q17,,640,5,127.67614002283588,7.832316984372665,7.787239000201225,0.3161523405225066,15.153051000088453,7.694124999921769,5012.682869998505,5015.592275998788
tpch,duckdb,[sync],1785281551054,"[0.1, 18.0]",,duckdb_sync_tpch_01_q18,,266,5,52.777701354846336,18.947395857136446,18.858642000006512,0.4736522776849345,24.87167700007558,18.57940199994482,5040.007297998294,5041.588958999608
tpch,duckdb,[sync],1785281551054,"[0.1, 19.0]",,duckdb_sync_tpch_01_q19,,155,5,30.606543481221824,32.67275184515803,32.54750499990769,0.6892627836670256,38.59719600016251,32.21995499986224,5064.2765359994955,5065.381245000986
tpch,duckdb,[sync],1785281551054,"[0.1, 20.0]",,duckdb_sync_tpch_01_q20,,482,5,95.63763215157675,10.456135074685799,10.382633999921381,0.3752433337865415,15.481108999811113,10.182991999899969,5039.857105998555,5042.167286999058
tpch,duckdb,[sync],1785281551054,"[0.1, 21.0]",,duckdb_sync_tpch_01_q21,,143,5,28.165615984634893,35.50428297202969,35.29096599994227,1.0207295688667246,43.32869999995455,34.4534449998755,5077.112465000246,5078.24625599687
tpch,duckdb,[sync],1785281551054,"[0.1, 22.0]",,duckdb_sync_tpch_01_q22,,883,5,176.17927100470084,5.676036654580765,5.620806000195444,0.37574866265049794,12.10996100003831,5.550795000046492,5011.940365994815,5015.860178001225
integer_sum,lovefield,[],1785281161134,"[1000.0, 10.0]",,lovefield_integer_sum_1000,,15288,6,2565.39368128225,0.3898037199110018,0.35541200009174645,0.12770303370486366,5.313816000008956,0.33317100000567734,5959.319269999396,5996.70927200187
integer_sum,lovefield,[],1785281161134,"[10000.0, 10.0]",,lovefield_integer_sum_10000,,1137,5,227.24702366647767,4.4004976781023295,4.206677000038326,0.4159374617827308,9.64833700004965,3.8820499998982996,5003.365860002348,5008.358331999276
integer_sum,lovefield,[],1785281161134,"[100000.0, 10.0]",,lovefield_integer_sum_100000,,60,5,11.60699466794461,86.15494610002109,82.60122900013812,11.365526978247047,123.92671600007452,76.55538500007242,5169.2967660012655,5170.233896999853
integer_sum,sqljs,[],1785281161134,"[1000.0, 10.0]",,sqljs_integer_sum_1000,,15411,6,2590.5678715861773,0.3860157500477726,0.37443800014443696,0.11557529434996833,7.192320999922231,0.35246800002641976,5948.888723986223,5998.163669978734
integer_sum,sqljs,[],1785281161134,"[10000.0, 10.0]",,sqljs_integer_sum_10000,,1107,5,220.9556276084974,4.525795567297615,4.512155999895185,0.1447844672138351,8.177032000152394,4.448147000046447,5010.05569299846,5013.732044996461
integer_sum,sqljs,[],1785281161134,"[100000.0, 10.0]",,sqljs_integer_sum_100000,,100,5,19.687163928980475,50.79451786998892,50.400309999939054,1.9131759969457443,66.97403100016527,50.065474999835715,5079.451786998892,5079.961753999582
integer_sum,arquero,[],1785281161134,"[1000.0, 10.0]",,arquero_integer_sum_1000,,37399,6,6360.3793893759,0.15722332565103841,0.14631300000473857,0.05970355390932171,8.65794700011611,0.13963000010699034,5879.995156023186,5992.62943498604
integer_sum,arquero,[],1785281161134,"[10000.0, 10.0]",,arquero_integer_sum_10000,,547,5,108.76581150399932,9.194065544789595,9.136630000080913,0.47356182496059396,18.113040999975055,8.987521999981254,5029.153852999909,5031.126402000198
integer_sum,arquero,[],1785281161134,"[100000.0, 10.0]",,arquero_integer_sum_100000,,5,5,0.8823216725267685,1133.373497600062,1125.91943800007,22.272110311899883,1175.3997070000041,1110.9358290000819,5666.867488000309,5666.9770919997245
integer_sum,duckdb,[sync],1785281161134,"[1000.0, 10.0]",,duckdb_sync_integer_sum_1000,,11325,6,1906.253038126688,0.5245893278589706,0.462883000029251,0.28832817648019415,7.979764000046998,0.43038300005719066,5940.974138002843,5996.531988999341
integer_sum,duckdb,[sync],1785281161134,"[10000.0, 10.0]",,duckdb_sync_integer_sum_10000,,5210,5,1046.8183816924245,0.9552755449166532,0.9367269999347627,0.12751440900522207,6.67364599998109,0.8885470000095665,4976.985589015763,5000.484868001426
integer_sum,duckdb,[sync],1785281161134,"[100000.0, 10.0]",,duckdb_sync_integer_sum_100000,,64,5,12.194216275066845,82.00609021874334,81.30687299999408,2.8152434584399963,95.84234400000423,80.03233499987982,5248.389773999574,5249.107518000063
tpch,sqljs,[],1785281389438,"[0.01, 1.0]",,sqljs_tpch_001_q1,,59,5,11.493453884833604,87.00604796610078,84.53689200012013,13.817727350734078,191.32627899991348,83.93725400022231,5133.356829999946,5134.60980700003
tpch,sqljs,[],1785281389438,"[0.01, 2.0]",,sqljs_tpch_001_q2,,2026,5,405.9652383039418,2.4632650918040198,2.436594999860972,0.1185926012742142,4.448516999837011,2.3902479999233037,4990.575075994944,5003.898048003204
tpch,sqljs,[],1785281389438,"[0.01, 3.0]",,sqljs_tpch_001_q3,,245,5,48.37071895506987,20.673664183674227,20.579008999979123,0.3458578804164481,24.09230999997817,20.495482000056654,5065.047725000186,5066.5519119994715
tpch,sqljs,[],1785281389438,"[0.01, 4.0]",,sqljs_tpch_001_q4,,1059,5,211.36299428533718,4.731197168081436,4.69342099991627,0.18654556155762061,8.227032999973744,4.648689999943599,5010.337800998241,5015.061833002837
tpch,sqljs,[],1785281389438,"[0.01, 5.0]",,sqljs_tpch_001_q5,,251,5,49.917849101897346,20.032914438254323,19.956720999907702,0.42716956067202605,24.16741200000979,19.791018000105396,5028.261524001835,5029.334484000923
tpch,sqljs,[],1785281389438,"[0.01, 6.0]",,sqljs_tpch_001_q6,,344,5,68.14513560494674,14.67456174417545,14.480067000025883,0.562522832412217,19.220024000154808,14.404796999879181,5048.049239996355,5049.24364099931
tpch,sqljs,[],1785281389438,"[0.01, 7.0]",,sqljs_tpch_001_q7,,208,5,40.951050117485615,24.41939821154945,24.33353800000623,0.270634916403805,26.585586000001058,24.211769999936223,5079.234828002285,5080.131181000965
tpch,sqljs,[],1785281389438,"[0.01, 8.0]",,sqljs_tpch_001_q8,,170,5,33.83351261950892,29.556493623525945,29.439578999998048,0.37906786199659526,31.38443600013852,29.239085000008345,5024.603915999411,5025.372561997734
tpch,sqljs,[],1785281389438,"[0.01, 9.0]",,sqljs_tpch_001_q9,,120,5,23.481347711198495,42.58699340000361,42.51082200021483,0.4858309412049332,46.766495999880135,42.15081200003624,5110.439208000433,5110.996907999506
tpch,sqljs,[],1785281389438,"[0.01, 10.0]",,sqljs_tpch_001_q10,,360,5,71.52245623220458,13.981622733332916,13.91539300000295,0.18420339680506378,15.224578999914229,13.826637000078335,5033.3841839998495,5035.234195000725
tpch,sqljs,[],1785281389438,"[0.01, 11.0]",,sqljs_tpch_001_q11,,796,5,158.6234492235284,6.304238149498463,6.28839600016363,0.14648430845201535,10.12533099995926,6.228294000029564,5018.1735670007765,5021.293923997087
tpch,sqljs,[],1785281389438,"[0.01, 12.0]",,sqljs_tpch_001_q12,,396,5,78.97839568831782,12.661690469713049,12.637805999955162,0.1278653253082039,14.507642999989912,12.563407000154257,5014.029426006367,5015.797178001376
tpch,sqljs,[],1785281389438,"[0.01, 13.0]",,sqljs_tpch_001_q13,,127,5,24.985706243075256,40.02288309449521,39.95455399993807,0.25627733302711764,41.87568699987605,39.80954400007613,5082.906153000891,5083.634338000091
tpch,sqljs,[],1785281389438,"[0.01, 14.0]",,sqljs_tpch_001_q14,,382,5,75.90169296805391,13.174936696351262,13.116588999982923,0.36555799599507516,15.575153999961913,12.819794999901205,5032.825818006182,5034.410359999165
tpch,sqljs,[],1785281389438,"[0.01, 15.0]",,sqljs_tpch_001_q15,,190,5,37.24247580426962,26.85106127894312,26.6471789998468,0.47233320251104693,29.239162999903783,26.521015000063926,5101.701642999193,5102.557738998439
tpch,sqljs,[],1785281389438,"[0.01, 16.0]",,sqljs_tpch_001_q16,,1158,5,231.35896708200676,4.322287623481407,4.3081350000575185,0.06601135740311181,5.343966000014916,4.270465000066906,5005.209067991469,5009.782476998167
tpch,sqljs,[],1785281389438,"[0.01, 17.0]",,sqljs_tpch_001_q17,,224,5,44.102391320145,22.674507437496295,22.578943999949843,0.26772098827215174,23.721014000009745,22.404529000166804,5079.08966599917,5079.9826839983
tpch,sqljs,[],1785281389438,"[0.01, 18.0]",,sqljs_tpch_001_q18,,300,5,59.71676589942697,16.74571596332205,16.984982999973,0.3979339761933247,17.785916999913752,16.182966999942437,5023.7147889966145,5024.961112002144
tpch,sqljs,[],1785281389438,"[0.01, 19.0]",,sqljs_tpch_001_q19,,340,5,67.97100813558856,14.712154894116033,14.611777000129223,0.26490796140505213,17.23349600005895,14.453873000107706,5002.132663999451,5003.511112002889
tpch,sqljs,[],1785281389438,"[0.01, 20.0]",,sqljs_tpch_001_q20,,15,5,2.967698060780581,336.961503333319,336.935233999975,0.5231026503048364,338.28438999992795,336.1046460000798,5054.422549999785,5054.578667999944
tpch,sqljs,[],1785281389438,"[0.01, 21.0]",,sqljs_tpch_001_q21,,60,5,11.69599786900616,85.49933158332327,85.31932000000961,0.6238541749558643,87.35796200018376,84.56915099988692,5129.959894999396,5130.4351629999
tpch,sqljs,[],1785281389438,"[0.01, 22.0]",,sqljs_tpch_001_q22,,55,5,10.743487449390173,93.07964520001022,93.05191999999806,0.30214700395762495,93.93919400009327,92.57343699992634,5119.380486000562,5119.650926999981
regex,lovefield,[],1785281092720,"[1000.0, 20.0]",,lovefield_regex_1000,,24023,6,4042.67235934546,0.24736112925112433,0.22791499993763864,0.07037521358952191,4.325214999960735,0.20601500000339001,5942.3564079997595,5994.233473991626
regex,lovefield,[],1785281092720,"[10000.0, 20.0]",,lovefield_regex_10000,,2012,5,402.58872352870515,2.483924515408586,2.4321660000132397,0.26451571605754315,8.171735999989323,2.2450769999995828,4997.656125002075,5004.05215599935
regex,lovefield,[],1785281092720,"[100000.0, 20.0]",,lovefield_regex_100000,,131,5,25.528381216695674,39.17208817557126,38.79717499995604,7.225760028211707,83.82472099992447,31.9139069999801,5131.543550999835,5133.190533999703
regex,sqljs,[],1785281092720,"[1000.0, 20.0]",,sqljs_regex_1000,,39015,6,6605.685646264815,0.1513847393821185,0.1410829999949783,0.04411316364048745,4.2682110000168905,0.13602400000672787,5906.275606993353,5993.448879001546
regex,sqljs,[],1785281092720,"[10000.0, 20.0]",,sqljs_regex_10000,,4270,5,855.6747763011873,1.1686683161594236,1.1582710000220686,0.08361214017478213,4.736465000081807,1.147110000019893,4990.2137100007385,5000.885891997372
regex,sqljs,[],1785281092720,"[100000.0, 20.0]",,sqljs_regex_100000,,434,5,86.17546819891682,11.604230541477575,11.573080000001937,0.13540749111995634,13.190326000098139,11.533164999913424,5036.236055001267,5037.587018000311
regex,arquero,[],1785281092720,"[1000.0, 20.0]",,arquero_regex_1000,,85816,6,14777.903367172603,0.06766859784868968,0.06218600005377084,0.03530304199232492,7.722586999996565,0.06006299995351583,5807.0483929831535,5983.532034019823
regex,arquero,[],1785281092720,"[10000.0, 20.0]",,arquero_regex_10000,,12654,6,2120.8411222168465,0.47151103848586845,0.4605490000685677,0.1049623805312914,10.583358000032604,0.4375870000803843,5966.50068100018,5998.959196999553
regex,arquero,[],1785281092720,"[100000.0, 20.0]",,arquero_regex_100000,,1120,5,223.88938015286467,4.466491440180107,4.334104000008665,1.082687976309013,39.95640999998432,4.287637999979779,5002.47041300172,5006.574586997973
regex,duckdb,[sync],1785281092720,"[1000.0, 20.0]",,duckdb_sync_regex_1000,,12746,6,2148.948775453578,0.4653438050373864,0.4094129999866709,0.34907805459397123,26.591100999969058,0.3795279999030754,5931.272139006527,5994.51657000347
regex,duckdb,[sync],1785281092721,"[10000.0, 20.0]",,duckdb_sync_regex_10000,,9259,6,1555.1742599200693,0.6430147577490105,0.6330399999860674,0.11465521070966511,3.0156750000314787,0.5846710000187159,5953.673641998088,5999.434704995132
regex,duckdb,[sync],1785281092721,"[100000.0, 20.0]",,duckdb_sync_regex_100000,,2059,5,412.05492016653085,2.4268609621160517,2.4080389998853207,0.14644028750273647,4.7972780000418425,2.365940999938175,4996.906720996951,5005.749972013058
tpch,lovefield,[],1785281503639,"[0.01, 1.0]",Lovefield does not support arithmetic operations and nested subqueries. Aggregates and order by clauses were often simplified. Some queries with nesting were dropped.,lovefield_tpch_001_q1,Benchmark `lovefield_tpch_001_q1` failed to run `fn`: a.getTime is not a function,1,1,0.0,0.0,0.0,0.0,0.0,0.0,0.0,0.0
tpch,lovefield,[],1785281503639,"[0.01, 3.0]",Lovefield does not support arithmetic operations and nested subqueries. Aggregates and order by clauses were often simplified. Some queries with nesting were dropped.,lovefield_tpch_001_q3,Benchmark `lovefield_tpch_001_q3` failed to run `fn`: a.getTime is not a function,1,1,0.0,0.0,0.0,0.0,0.0,0.0,0.0,0.0
tpch,lovefield,[],1785281503639,"[0.01, 4.0]",Lovefield does not support arithmetic operations and nested subqueries. Aggregates and order by clauses were often simplified. Some queries with nesting were dropped.,lovefield_tpch_001_q4,Benchmark `lovefield_tpch_001_q4` failed to run `fn`: a.getTime is not a function,1,1,0.0,0.0,0.0,0.0,0.0,0.0,0.0,0.0
tpch,lovefield,[],1785281503639,"[0.01, 5.0]",Lovefield does not support arithmetic operations and nested subqueries. Aggregates and order by clauses were often simplified. Some queries with nesting were dropped.,lovefield_tpch_001_q5,Benchmark `lovefield_tpch_001_q5` failed to run `fn`: a.getTime is not a function,1,1,0.0,0.0,0.0,0.0,0.0,0.0,0.0,0.0
tpch,lovefield,[],1785281503639,"[0.01, 6.0]",Lovefield does not support arithmetic operations and nested subqueries. Aggregates and order by clauses were often simplified. Some queries with nesting were dropped.,lovefield_tpch_001_q6,,425,5,84.54934685759595,11.82741247764186,11.934805999975652,3.5033179309056783,57.85979599994607,9.094950000056997,5026.65030299779,5030.971135002095
tpch,lovefield,[],1785281503639,"[0.01, 7.0]",Lovefield does not support arithmetic operations and nested subqueries. Aggregates and order by clauses were often simplified. Some queries with nesting were dropped.,lovefield_tpch_001_q7,Benchmark `lovefield_tpch_001_q7` failed to run `fn`: a.getTime is not a function,1,1,0.0,0.0,0.0,0.0,0.0,0.0,0.0,0.0
tpch,lovefield,[],1785281503639,"[0.01, 8.0]",Lovefield does not support arithmetic operations and nested subqueries. Aggregates and order by clauses were often simplified. Some queries with nesting were dropped.,lovefield_tpch_001_q8,Benchmark `lovefield_tpch_001_q8` failed to run `fn`: a.getTime is not a function,1,1,0.0,0.0,0.0,0.0,0.0,0.0,0.0,0.0
tpch,lovefield,[],1785281503639,"[0.01, 9.0]",Lovefield does not support arithmetic operations and nested subqueries. Aggregates and order by clauses were often simplified. Some queries with nesting were dropped.,lovefield_tpch_001_q9,,20,5,3.3133506590867245,301.80928700001675,289.09352400014177,27.328063576748715,359.2475610000547,271.35690499981865,6036.1857400003355,6036.459898999659
tpch,lovefield,[],1785281503640,"[0.01, 10.0]",Lovefield does not support arithmetic operations and nested subqueries. Aggregates and order by clauses were often simplified. Some queries with nesting were dropped.,lovefield_tpch_001_q10,Benchmark `lovefield_tpch_001_q10` failed to run `fn`: a.getTime is not a function,1,1,0.0,0.0,0.0,0.0,0.0,0.0,0.0,0.0
tpch,lovefield,[],1785281503640,"[0.01, 12.0]",Lovefield does not support arithmetic operations and nested subqueries. Aggregates and order by clauses were often simplified. Some queries with nesting were dropped.,lovefield_tpch_001_q12,Benchmark `lovefield_tpch_001_q12` failed to run `fn`: a.getTime is not a function,1,1,0.0,0.0,0.0,0.0,0.0,0.0,0.0,0.0
tpch,lovefield,[],1785281503640,"[0.01, 13.0]","",lovefield_tpch_001_q13,,80,5,15.534097815196901,64.37451417498524,62.76952399988659,6.436842737121354,113.48211199999787,61.063842999981716,5149.961133998819,5151.008109000046
tpch,lovefield,[],1785281503640,"[0.01, 14.0]","",lovefield_tpch_001_q14,Benchmark `lovefield_tpch_001_q14` failed to run `fn`: a.getTime is not a function,1,1,0.0,0.0,0.0,0.0,0.0,0.0,0.0,0.0
tpch,lovefield,[],1785281503640,"[0.01, 16.0]","",lovefield_tpch_001_q16,,578,5,115.31438294792785,8.671945115914697,8.567138999933377,1.0964700076795812,23.579068999970332,7.691976999863982,5012.384276998695,5015.989640000975
tpch,lovefield,[],1785281503640,"[0.01, 19.0]",Lovefield does not support arithmetic operations and nested subqueries. Aggregates and order by clauses were often simplified. Some queries with nesting were dropped.,lovefield_tpch_001_q19,,68,5,12.977630972778517,77.0556661764824,72.99599600001238,15.178311061558448,136.4513230000157,68.45514199999161,5239.7853000008035,5240.656557999784
tpch,arquero,[],1785282547842,"[0.5, 1.0]",Arquero does not implement join reordering and query unnesting. The plans were generated by a relational database and were manually migrated to the Arquero API.,arquero_tpch_05_q1,"Benchmark `arquero_tpch_05_q1` failed to run `before` callback: Unrecognized type: ""undefined""",0,0,0.0,0.0,0.0,0.0,0.0,0.0,0.0,0.0
tpch,arquero,[],1785282547842,"[0.5, 2.0]",Arquero does not implement join reordering and query unnesting. The plans were generated by a relational database and were manually migrated to the Arquero API.,arquero_tpch_05_q2,"Benchmark `arquero_tpch_05_q2` failed to run `before` callback: Unrecognized type: ""undefined""",0,0,0.0,0.0,0.0,0.0,0.0,0.0,0.0,0.0
tpch,arquero,[],1785282547842,"[0.5, 3.0]",Arquero does not implement join reordering and query unnesting. The plans were generated by a relational database and were manually migrated to the Arquero API.,arquero_tpch_05_q3,"Benchmark `arquero_tpch_05_q3` failed to run `before` callback: Unrecognized type: ""undefined""",0,0,0.0,0.0,0.0,0.0,0.0,0.0,0.0,0.0
tpch,arquero,[],1785282547842,"[0.5, 4.0]",Arquero does not implement join reordering and query unnesting. The plans were generated by a relational database and were manually migrated to the Arquero API.,arquero_tpch_05_q4,"Benchmark `arquero_tpch_05_q4` failed to run `before` callback: Unrecognized type: ""undefined""",0,0,0.0,0.0,0.0,0.0,0.0,0.0,0.0,0.0
tpch,arquero,[],1785282547842,"[0.5, 5.0]",Arquero does not implement join reordering and query unnesting. The plans were generated by a relational database and were manually migrated to the Arquero API.,arquero_tpch_05_q5,"Benchmark `arquero_tpch_05_q5` failed to run `before` callback: Unrecognized type: ""undefined""",0,0,0.0,0.0,0.0,0.0,0.0,0.0,0.0,0.0
tpch,arquero,[],1785282547842,"[0.5, 6.0]",Arquero does not implement join reordering and query unnesting. The plans were generated by a relational database and were manually migrated to the Arquero API.,arquero_tpch_05_q6,"Benchmark `arquero_tpch_05_q6` failed to run `before` callback: Unrecognized type: ""undefined""",0,0,0.0,0.0,0.0,0.0,0.0,0.0,0.0,0.0
tpch,arquero,[],1785282547842,"[0.5, 7.0]",Arquero does not implement join reordering and query unnesting. The plans were generated by a relational database and were manually migrated to the Arquero API.,arquero_tpch_05_q7,"Benchmark `arquero_tpch_05_q7` failed to run `before` callback: Unrecognized type: ""undefined""",0,0,0.0,0.0,0.0,0.0,0.0,0.0,0.0,0.0
tpch,arquero,[],1785282547842,"[0.5, 8.0]",Arquero does not implement join reordering and query unnesting. The plans were generated by a relational database and were manually migrated to the Arquero API.,arquero_tpch_05_q8,"Benchmark `arquero_tpch_05_q8` failed to run `before` callback: Unrecognized type: ""undefined""",0,0,0.0,0.0,0.0,0.0,0.0,0.0,0.0,0.0
tpch,arquero,[],1785282547842,"[0.5, 10.0]",Arquero does not implement join reordering and query unnesting. The plans were generated by a relational database and were manually migrated to the Arquero API.,arquero_tpch_05_q10,"Benchmark `arquero_tpch_05_q10` failed to run `before` callback: Unrecognized type: ""undefined""",0,0,0.0,0.0,0.0,0.0,0.0,0.0,0.0,0.0
tpch,arquero,[],1785282547842,"[0.5, 11.0]",Arquero does not implement join reordering and query unnesting. The plans were generated by a relational database and were manually migrated to the Arquero API.,arquero_tpch_05_q11,"Benchmark `arquero_tpch_05_q11` failed to run `before` callback: Unrecognized type: ""undefined""",0,0,0.0,0.0,0.0,0.0,0.0,0.0,0.0,0.0
tpch,arquero,[],1785282547842,"[0.5, 12.0]",Arquero does not implement join reordering and query unnesting. The plans were generated by a relational database and were manually migrated to the Arquero API.,arquero_tpch_05_q12,"Benchmark `arquero_tpch_05_q12` failed to run `before` callback: Unrecognized type: ""undefined""",0,0,0.0,0.0,0.0,0.0,0.0,0.0,0.0,0.0
tpch,arquero,[],1785282547842,"[0.5, 13.0]",Arquero does not implement join reordering and query unnesting. The plans were generated by a relational database and were manually migrated to the Arquero API.,arquero_tpch_05_q13,"Benchmark `arquero_tpch_05_q13` failed to run `before` callback: Unrecognized type: ""undefined""",0,0,0.0,0.0,0.0,0.0,0.0,0.0,0.0,0.0
tpch,arquero,[],1785282547842,"[0.5, 14.0]",Arquero does not implement join reordering and query unnesting. The plans were generated by a relational database and were manually migrated to the Arquero API.,arquero_tpch_05_q14,"Benchmark `arquero_tpch_05_q14` failed to run `before` callback: Unrecognized type: ""undefined""",0,0,0.0,0.0,0.0,0.0,0.0,0.0,0.0,0.0
tpch,arquero,[],1785282547842,"[0.5, 15.0]",Arquero does not implement join reordering and query unnesting. The plans were generated by a relational database and were manually migrated to the Arquero API.,arquero_tpch_05_q15,"Benchmark `arquero_tpch_05_q15` failed to run `before` callback: Unrecognized type: ""undefined""",0,0,0.0,0.0,0.0,0.0,0.0,0.0,0.0,0.0
tpch,arquero,[],1785282547842,"[0.5, 16.0]",Arquero does not implement join reordering and query unnesting. The plans were generated by a relational database and were manually migrated to the Arquero API.,arquero_tpch_05_q16,"Benchmark `arquero_tpch_05_q16` failed to run `before` callback: Unrecognized type: ""undefined""",0,0,0.0,0.0,0.0,0.0,0.0,0.0,0.0,0.0
tpch,arquero,[],1785282547842,"[0.5, 17.0]",Arquero does not implement join reordering and query unnesting. The plans were generated by a relational database and were manually migrated to the Arquero API.,arquero_tpch_05_q17,"Benchmark `arquero_tpch_05_q17` failed to run `before` callback: Unrecognized type: ""undefined""",0,0,0.0,0.0,0.0,0.0,0.0,0.0,0.0,0.0
tpch,arquero,[],1785282547842,"[0.5, 18.0]",Arquero does not implement join reordering and query unnesting. The plans were generated by a relational database and were manually migrated to the Arquero API.,arquero_tpch_05_q18,"Benchmark `arquero_tpch_05_q18` failed to run `before` callback: Unrecognized type: ""undefined""",0,0,0.0,0.0,0.0,0.0,0.0,0.0,0.0,0.0
tpch,arquero,[],1785282547842,"[0.5, 19.0]",Arquero does not implement join reordering and query unnesting. The plans were generated by a relational database and were manually migrated to the Arquero API.,arquero_tpch_05_q19,"Benchmark `arquero_tpch_05_q19` failed to run `before` callback: Unrecognized type: ""undefined""",0,0,0.0,0.0,0.0,0.0,0.0,0.0,0.0,0.0
tpch,arquero,[],1785282547842,"[0.5, 20.0]",Arquero does not implement join reordering and query unnesting. The plans were generated by a relational database and were manually migrated to the Arquero API.,arquero_tpch_05_q20,"Benchmark `arquero_tpch_05_q20` failed to run `before` callback: Unrecognized type: ""undefined""",0,0,0.0,0.0,0.0,0.0,0.0,0.0,0.0,0.0
tpch,arquero,[],1785282547842,"[0.5, 22.0]",Arquero does not implement join reordering and query unnesting. The plans were generated by a relational database and were manually migrated to the Arquero API.,arquero_tpch_05_q22,"Benchmark `arquero_tpch_05_q22` failed to run `before` callback: Unrecognized type: ""undefined""",0,0,0.0,0.0,0.0,0.0,0.0,0.0,0.0,0.0
tpch,sqljs,[],1785281662783,"[0.1, 1.0]",,sqljs_tpch_01_q1,,5,3,0.9792604121635805,1021.1788279999979,968.6171699999832,117.7282710643798,1256.326185000129,954.6507729999721,5105.894139999989,5106.789190000156
tpch,sqljs,[],1785281662783,"[0.1, 2.0]",,sqljs_tpch_01_q2,,173,5,34.15749690991557,29.27614990751006,28.926787999924272,1.0093715037292261,35.51290600001812,28.5525810001418,5064.77393399924,5066.681744002039
tpch,sqljs,[],1785281662783,"[0.1, 3.0]",,sqljs_tpch_01_q3,,25,5,4.617486330637769,216.56804771999828,216.50542800012045,0.4175285471871532,217.74934700015,215.93637699983083,5414.201192999957,5414.601075999439
tpch,sqljs,[],1785281662783,"[0.1, 4.0]",,sqljs_tpch_01_q4,,105,5,20.34010740076653,49.163948857139,48.97683499986306,0.71688270256164,52.855818999931216,48.4540210000705,5162.214629999595,5163.577246998437
tpch,sqljs,[],1785281662783,"[0.1, 5.0]",,sqljs_tpch_01_q5,,25,5,4.370863620646471,228.78773779999466,228.3375450000167,1.1807841028560728,232.42802200000733,227.51186500000767,5719.693444999866,5720.104137999937
tpch,sqljs,[],1785281662783,"[0.1, 6.0]",,sqljs_tpch_01_q6,,35,5,6.8130545111106455,146.77704374289274,146.66643300000578,0.46923076246914286,148.68749300017953,146.2766470001079,5137.196531001246,5137.659192000516
tpch,sqljs,[],1785281662783,"[0.1, 7.0]",,sqljs_tpch_01_q7,,20,5,3.3737770388862045,296.40370080001884,296.1977369999513,1.3074580871528583,301.04638800001703,294.75423400010914,5928.074016000377,5928.4545260001905
tpch,sqljs,[],1785281662783,"[0.1, 8.0]",,sqljs_tpch_01_q8,,12,4,2.3188873723926084,431.2412978333693,430.6889830001164,2.992307692280292,440.07878999994136,428.9094130001031,5174.895574000431,5175.136469000485
tpch,sqljs,[],1785281662783,"[0.1, 9.0]",,sqljs_tpch_01_q9,,8,4,1.3536797195703834,738.7271786249185,737.498120999895,2.789708656583259,743.2106869998388,735.420795999933,5909.817428999348,5909.959680999629
tpch,sqljs,[],1785281662783,"[0.1, 10.0]",,sqljs_tpch_01_q10,,35,5,6.524786429809229,153.26172140001185,151.89950000005774,2.269366834499302,157.77701200009324,151.06222800002433,5364.160249000415,5364.773306999123
tpch,sqljs,[],1785281662783,"[0.1, 11.0]",,sqljs_tpch_01_q11,,70,5,13.163047602342141,75.97024870000979,75.9052850001026,0.4425166741755145,78.91493800003082,75.40273900004104,5317.917409000685,5318.557239999995
tpch,sqljs,[],1785281662783,"[0.1, 12.0]",,sqljs_tpch_01_q12,,40,5,7.711815239119574,129.67115640002885,129.5975950001739,0.5416051273860956,132.6099000000395,129.0261659999378,5186.846256001154,5187.260909998789
tpch,sqljs,[],1785281662783,"[0.1, 13.0]",,sqljs_tpch_01_q13,,10,5,1.7462880064787702,572.6432274000487,572.0327389999293,3.1154153692382374,579.8647010000423,568.8444250000175,5726.432274000486,5728.545630999841
tpch,sqljs,[],1785281662783,"[0.1, 14.0]",,sqljs_tpch_01_q14,,40,5,7.223439244821958,138.43821012502303,138.33587499987334,0.761064526553377,141.0554299999494,137.4881690000184,5537.528405000921,5538.3011269997805
tpch,sqljs,[],1785281662783,"[0.1, 15.0]",,sqljs_tpch_01_q15,,20,5,3.6330246640921,275.2527418499929,274.9999720000196,1.0633182657602769,277.58005400002,273.4594189999625,5505.054836999858,5505.453089000657
tpch,sqljs,[],1785281662783,"[0.1, 16.0]",,sqljs_tpch_01_q16,,100,5,19.683833746879966,50.80311147001572,50.7198680001311,0.33723776292106405,53.3361950002145,50.4739389999304,5080.311147001572,5081.693644999759
tpch,sqljs,[],1785281662783,"[0.1, 17.0]",,sqljs_tpch_01_q17,,1,1,0.03026923589541203,33036.84319799999,33036.84319799999,0.0,33036.84319799999,33036.84319799999,33036.84319799999,33036.86876500002
tpch,sqljs,[],1785281662783,"[0.1, 18.0]",,sqljs_tpch_01_q18,,35,5,6.103094717511216,163.8512994285939,163.82778600021265,0.30601647361284845,164.42668300005607,163.33280400000513,5734.7954800007865,5735.440773000242
tpch,sqljs,[],1785281662783,"[0.1, 19.0]",,sqljs_tpch_01_q19,,35,5,6.438894128947561,155.306172142863,155.35508799995296,0.6108922496253724,156.43025299999863,153.6630319999531,5435.716025000205,5436.344885000493
tpch,sqljs,[],1785281662783,"[0.1, 20.0]",,sqljs_tpch_01_q20,,1,1,0.0242938386477199,41162.7003250001,41162.7003250001,0.0,41162.7003250001,41162.7003250001,41162.7003250001,41162.72356899991
tpch,sqljs,[],1785281662783,"[0.1, 21.0]",,sqljs_tpch_01_q21,,6,3,1.0654221675834725,938.5950756667104,940.1708740000613,2.6048687261046584,941.7814350000117,935.182902000146,5631.5704540002625,5631.702460000059
tpch,sqljs,[],1785281662783,"[0.1, 22.0]",,sqljs_tpch_01_q22,,1,1,0.10108752899272282,9892.417095999932,9892.417095999932,0.0,9892.417095999932,9892.417095999932,9892.417095999932,9892.438757000025
tpch,lovefield,[],1785282624754,"[0.5, 1.0]",Lovefield does not support arithmetic operations and nested subqueries. Aggregates and order by clauses were often simplified. Some queries with nesting were dropped.,lovefield_tpch_05_q1,Benchmark `lovefield_tpch_05_q1` failed to run `fn`: a.getTime is not a function,1,1,0.0,0.0,0.0,0.0,0.0,0.0,0.0,0.0
tpch,lovefield,[],1785282624754,"[0.5, 3.0]",Lovefield does not support arithmetic operations and nested subqueries. Aggregates and order by clauses were often simplified. Some queries with nesting were dropped.,lovefield_tpch_05_q3,Benchmark `lovefield_tpch_05_q3` failed to run `fn`: a.getTime is not a function,1,1,0.0,0.0,0.0,0.0,0.0,0.0,0.0,0.0
tpch,lovefield,[],1785282624754,"[0.5, 4.0]",Lovefield does not support arithmetic operations and nested subqueries. Aggregates and order by clauses were often simplified. Some queries with nesting were dropped.,lovefield_tpch_05_q4,Benchmark `lovefield_tpch_05_q4` failed to run `fn`: a.getTime is not a function,1,1,0.0,0.0,0.0,0.0,0.0,0.0,0.0,0.0
tpch,lovefield,[],1785282624754,"[0.5, 5.0]",Lovefield does not support arithmetic operations and nested subqueries. Aggregates and order by clauses were often simplified. Some queries with nesting were dropped.,lovefield_tpch_05_q5,Benchmark `lovefield_tpch_05_q5` failed to run `fn`: a.getTime is not a function,1,1,0.0,0.0,0.0,0.0,0.0,0.0,0.0,0.0
tpch,lovefield,[],1785282624754,"[0.5, 6.0]",Lovefield does not support arithmetic operations and nested subqueries. Aggregates and order by clauses were often simplified. Some queries with nesting were dropped.,lovefield_tpch_05_q6,,5,3,0.8527636670467199,1172.6578401999548,931.4261699998751,479.2321889462787,2131.057238999754,927.2309679999016,5863.289200999774,5863.439691999927
tpch,lovefield,[],1785282624754,"[0.5, 7.0]",Lovefield does not support arithmetic operations and nested subqueries. Aggregates and order by clauses were often simplified. Some queries with nesting were dropped.,lovefield_tpch_05_q7,Benchmark `lovefield_tpch_05_q7` failed to run `fn`: a.getTime is not a function,1,1,0.0,0.0,0.0,0.0,0.0,0.0,0.0,0.0
tpch,lovefield,[],1785282624754,"[0.5, 8.0]",Lovefield does not support arithmetic operations and nested subqueries. Aggregates and order by clauses were often simplified. Some queries with nesting were dropped.,lovefield_tpch_05_q8,Benchmark `lovefield_tpch_05_q8` failed to run `fn`: a.getTime is not a function,1,1,0.0,0.0,0.0,0.0,0.0,0.0,0.0,0.0
tpch,lovefield,[],1785282624754,"[0.5, 10.0]",Lovefield does not support arithmetic operations and nested subqueries. Aggregates and order by clauses were often simplified. Some queries with nesting were dropped.,lovefield_tpch_05_q10,Benchmark `lovefield_tpch_05_q10` failed to run `fn`: a.getTime is not a function,1,1,0.0,0.0,0.0,0.0,0.0,0.0,0.0,0.0
tpch,lovefield,[],1785282624754,"[0.5, 12.0]",Lovefield does not support arithmetic operations and nested subqueries. Aggregates and order by clauses were often simplified. Some queries with nesting were dropped.,lovefield_tpch_05_q12,Benchmark `lovefield_tpch_05_q12` failed to run `fn`: a.getTime is not a function,1,1,0.0,0.0,0.0,0.0,0.0,0.0,0.0,0.0
tpch,lovefield,[],1785282624754,"[0.5, 13.0]","",lovefield_tpch_05_q13,,2,2,0.18497525300254017,5406.128569999943,6298.72126299981,892.5926929998677,6298.72126299981,4513.535877000075,10812.257139999885,10812.307835000101
tpch,lovefield,[],1785282624754,"[0.5, 14.0]","",lovefield_tpch_05_q14,Benchmark `lovefield_tpch_05_q14` failed to run `fn`: a.getTime is not a function,1,1,0.0,0.0,0.0,0.0,0.0,0.0,0.0,0.0
tpch,lovefield,[],1785282624754,"[0.5, 16.0]","",lovefield_tpch_05_q16,,7,4,1.032933481840976,968.1165511429842,961.2537130001001,18.278689806942797,1010.9766410002485,953.5233090003021,6776.815858000889,6776.967518999707
tpch,lovefield,[],1785282624754,"[0.5, 19.0]",Lovefield does not support arithmetic operations and nested subqueries. Aggregates and order by clauses were often simplified. Some queries with nesting were dropped.,lovefield_tpch_05_q19,,1,1,0.13208017259344074,7571.15909500001,7571.15909500001,0.0,7571.15909500001,7571.15909500001,7571.15909500001,7571.177719000261
integer_sort,lovefield,[],1785280709748,"[1000.0, 1.0, 1.0]",,lovefield_integer_sort_1000_1_1,,13748,6,2306.2949745603414,0.43359588041882385,0.3872020000126213,0.13608488403077962,7.090609000064433,0.34325999999418855,5961.07616399799,5997.406589997583
integer_sort,lovefield,[],1785280709748,"[10000.0, 1.0, 1.0]",,lovefield_integer_sort_10000_1_1,,726,5,145.07063659641818,6.893193712122238,6.731562000000849,0.6877376733416467,18.542437999974936,6.095547000062652,5004.458635000745,5009.071962001035
integer_sort,lovefield,[],1785280709748,"[100000.0, 1.0, 1.0]",,lovefield_integer_sort_100000_1_1,,40,5,7.568793904058962,132.12144665000378,130.26802800002042,8.618804088747911,154.20814100001007,122.12631599989254,5284.857866000151,5285.615657000104
integer_sort,lovefield,[],1785280709748,"[1000.0, 2.0, 2.0]",,lovefield_integer_sort_1000_2_2,,15274,6,2561.1392589158436,0.3904512402122602,0.34976200002711266,0.10999689534085474,3.6429929999867454,0.3194260000018403,5963.752243002062,5998.386518005631
integer_sort,lovefield,[],1785280709748,"[10000.0, 2.0, 2.0]",,lovefield_integer_sort_10000_2_2,,778,5,155.32120384428674,6.438270984575449,6.271024000016041,0.8530697829286052,27.071055999957025,5.835421000025235,5008.9748259996995,5013.137047999771
integer_sort,lovefield,[],1785280709748,"[100000.0, 2.0, 2.0]",,lovefield_integer_sort_100000_2_2,,41,5,7.905782602136288,126.48969119512363,123.6748910000315,6.650803228507186,151.61996200005524,120.68710000009742,5186.077339000069,5186.658983999863
integer_topk,lovefield,[],1785280709748,"[1000.0, 1.0, 1.0, 100.0]",,lovefield_integer_sort_1000_1_1,,14721,6,2470.0102856366766,0.40485661368095777,0.36493999999947846,0.10889936877417963,1.7660240000113845,0.3343830000376329,5959.894209997379,5998.103902990697
integer_topk,lovefield,[],1785280709748,"[10000.0, 1.0, 1.0, 100.0]",,lovefield_integer_sort_10000_1_1,,786,5,156.92961823982552,6.372283391856367,6.180424000020139,0.7662102915424636,22.19211200007703,5.846543000079691,5008.614745999104,5013.123606000212
integer_topk,lovefield,[],1785280709748,"[100000.0, 1.0, 1.0, 100.0]",,lovefield_integer_sort_100000_1_1,,41,5,7.644275945709012,130.8168369512267,126.47259899997152,9.727394857656357,165.37198699999135,121.83466900000349,5363.490315000294,5364.08298099949
integer_sort,sqljs,[],1785280709748,"[1000.0, 1.0, 1.0]",,sqljs_integer_sort_1000_1_1,,16579,6,2785.280687711488,0.3590302422344532,0.3411659999983385,0.10660489066786775,4.666501999949105,0.314085999969393,5952.362386004999,5998.29610799253
integer_sort,sqljs,[],1785280709748,"[10000.0, 1.0, 1.0]",,sqljs_integer_sort_10000_1_1,,1164,5,232.3642273348216,4.303588428691588,4.184532999992371,0.30435088447009007,6.969755999976769,4.123649999964982,5009.3769309970085,5013.931352999411
integer_sort,sqljs,[],1785280709748,"[100000.0, 1.0, 1.0]",,sqljs_integer_sort_100000_1_1,,76,5,14.765010460108954,67.72768652631356,64.10282300005201,9.397797423969127,99.19949100003578,60.14861700008623,5147.3041759998305,5148.67880399921
integer_sort,sqljs,[],1785280709748,"[1000.0, 2.0, 2.0]",,sqljs_integer_sort_1000_2_2,,13596,6,2279.8365426638866,0.4386279372606006,0.4309839999768883,0.06361325422730321,4.991717999917455,0.39565700001548976,5963.585434995126,5998.7748919915175
integer_sort,sqljs,[],1785280709748,"[10000.0, 2.0, 2.0]",,sqljs_integer_sort_10000_2_2,,994,5,198.61322765599263,5.034911379276544,4.915677000069991,0.29467196427277614,6.142242999980226,4.855373999918811,5004.701911000884,5008.338652000995
integer_sort,sqljs,[],1785280709748,"[100000.0, 2.0, 2.0]",,sqljs_integer_sort_100000_2_2,,69,5,13.137778615666974,76.11636862319226,72.57607499998994,9.311392519785816,103.37977599992882,68.54538899997715,5252.029435000266,5253.041165000293
integer_topk,sqljs,[],1785280709748,"[1000.0, 1.0, 1.0, 100.0]",,sqljs_integer_topk_1000_1_1_100,,22824,6,3847.53372186517,0.25990675385561784,0.2544550000457093,0.04762531276631272,5.4775339999469,0.24085000006016344,5932.111750000622,5995.820675008232
integer_topk,sqljs,[],1785280709748,"[10000.0, 1.0, 1.0, 100.0]",,sqljs_integer_topk_10000_1_1_100,,4156,5,833.1472874947605,1.2002679658322586,1.1950179999694228,0.0569351857049329,3.9720769999548793,1.1701820000307634,4988.313665998867,5001.086207996705
integer_topk,sqljs,[],1785280709748,"[100000.0, 1.0, 1.0, 100.0]",,sqljs_integer_topk_100000_1_1_100,,494,5,98.04778768749458,10.199108246962968,10.179195999982767,0.144044441463639,12.876866000005975,10.037696999963373,5038.359473999706,5039.986813001684
integer_sort,arquero,[],1785280709748,"[1000.0, 1.0, 1.0]",,arquero_integer_sort_1000_1_1,,8827,6,1477.5328825550998,0.6768038882970229,0.6640580000821501,0.13236267877334607,10.971613999921829,0.6446530000539497,5974.147921997821,5999.918738004169
integer_sort,arquero,[],1785280709748,"[10000.0, 1.0, 1.0]",,arquero_integer_sort_10000_1_1,,279,5,55.07652950202289,18.156554326163036,18.08487299992703,0.5437550398624896,25.565752999973483,17.921087999944575,5065.678656999487,5066.846725999843
integer_sort,arquero,[],1785280709748,"[100000.0, 1.0, 1.0]",,arquero_integer_sort_100000_1_1,,16,4,3.1349488710675995,318.9844686875076,318.4266269999789,2.019712629078521,325.9490340000484,317.38483399990946,5103.751499000122,5103.943505000207
integer_sort,arquero,[],1785280709748,"[1000.0, 2.0, 2.0]",,arquero_integer_sort_1000_2_2,,7493,5,1504.5284885909457,0.6646600629919225,0.6584680000087246,0.13340534857134345,11.369240000029095,0.6438809999963269,4980.297851998475,5000.041639003204
integer_sort,arquero,[],1785280709748,"[10000.0, 2.0, 2.0]",,arquero_integer_sort_10000_2_2,,275,5,54.64578442966892,18.29967325818217,18.259665000019595,0.17772321515808973,19.589595000026748,18.13125500001479,5032.410146000097,5033.604021000676
integer_sort,arquero,[],1785280709748,"[100000.0, 2.0, 2.0]",,arquero_integer_sort_100000_2_2,,16,4,3.112145937672782,321.32169249999424,320.83774099999573,5.478566543817587,333.6880209998926,305.70955699996557,5141.147079999908,5141.338776999968
integer_topk,arquero,[],1785280709748,"[1000.0, 1.0, 1.0, 100.0]",,arquero_integer_topk_1000_1_1_100,,9491,6,1588.793443921534,0.6294084380986326,0.6249560000142083,0.050054714713681434,3.5572520000860095,0.6091559999622405,5973.715485994122,6000.161493000807
integer_topk,arquero,[],1785280709748,"[10000.0, 1.0, 1.0, 100.0]",,arquero_integer_topk_10000_1_1_100,,290,5,57.739310270629026,17.3192231655161,17.281774000031874,0.38222992825190555,23.589141999953426,17.126514000003226,5022.574717999669,5023.796271000872
integer_topk,arquero,[],1785280709748,"[100000.0, 1.0, 1.0, 100.0]",,arquero_integer_topk_100000_1_1_100,,20,5,3.273029829462167,305.5273102000181,305.48673500004224,1.0083459903545509,308.0454150000587,304.2545820000814,6110.546204000362,6110.72639999981
integer_sort,duckdb,[sync],1785280709749,"[1000.0, 1.0, 1.0]",,duckdb_sync_integer_sort_1000_1_1,,9739,6,1637.0816949097398,0.6108430648936765,0.5339379999786615,0.26399273311819427,6.589002000051551,0.4925200000870973,5949.000608999515,5998.800869003753
integer_sort,duckdb,[sync],1785280709749,"[10000.0, 1.0, 1.0]",,duckdb_sync_integer_sort_10000_1_1,,348,5,69.31095333531262,14.427734028735673,14.693579999962822,2.4401379704928092,30.68849600001704,1.6323009999468923,5020.851442000014,5022.802459000377
integer_sort,duckdb,[sync],1785280709749,"[100000.0, 1.0, 1.0]",,duckdb_sync_integer_sort_100000_1_1,,212,5,41.97536579907264,23.82349697169507,23.405916999909095,1.7340908467463492,37.42610100004822,23.11749900004361,5050.5813579993555,5052.091659000027
integer_sort,duckdb,[sync],1785280709749,"[1000.0, 2.0, 2.0]",,duckdb_sync_integer_sort_1000_2_2,,8186,6,1373.5513580560164,0.7280397592233445,0.7138419999973848,0.17795478330728237,14.38362199999392,0.6780450000660494,5959.733469002298,5999.560960998875
integer_sort,duckdb,[sync],1785280709749,"[10000.0, 2.0, 2.0]",,duckdb_sync_integer_sort_10000_2_2,,324,5,64.1629541698968,15.585317305560844,15.54151999996975,0.9089058992443025,23.740669999970123,2.5535790000576526,5049.642807001714,5051.442816000548
integer_sort,duckdb,[sync],1785280709749,"[100000.0, 2.0, 2.0]",,duckdb_sync_integer_sort_100000_2_2,,159,5,31.61356649036412,31.63198939622336,31.352534999954514,1.5545367821994078,46.431538000004366,30.983517000102438,5029.486313999514,5031.245847999933
integer_topk,duckdb,[sync],1785280709749,"[1000.0, 1.0, 1.0, 100.0]",,duckdb_sync_integer_topk_1000_1_1_100,,12876,6,2172.1109061018665,0.46038164864916087,0.45274500001687557,0.11723251604377528,3.576848999946378,0.4273270000703633,5927.874108006596,5996.563281005365
integer_topk,duckdb,[sync],1785280709749,"[10000.0, 1.0, 1.0, 100.0]",,duckdb_sync_integer_topk_10000_1_1_100,,10841,6,1822.5565861101832,0.5486798092421723,0.5460190000012517,0.13248959681627645,6.8446380000095814,0.5203599999658763,5948.23781199439,5999.515754004242
integer_topk,duckdb,[sync],1785280709749,"[100000.0, 1.0, 1.0, 100.0]",,duckdb_sync_integer_topk_100000_1_1_100,,4642,5,932.4528179630754,1.0724403216287983,1.0648570000194013,0.12791628513797695,4.382325999904424,1.0303420000709593,4978.267973000882,5000.4464489953825
csv_sum,arquero,[],1785281228455,"[1000.0, 10.0]",,arquero_csv_sum_1000,,18267,6,3076.49556671597,0.32504516204047645,0.30292499996721745,0.12485181949535203,12.017014000099152,0.28666500002145767,5937.5999749933835,5995.593488994287
csv_sum,arquero,[],1785281228455,"[10000.0, 100.0]",,arquero_csv_sum_10000,,1970,5,393.90797781806134,2.5386639934007156,2.4691049999091774,0.6188125509657355,24.21858200011775,2.421877000015229,5001.168066999409,5008.022033001529
csv_sum,arquero,[],1785281228455,"[100000.0, 1000.0]",,arquero_csv_sum_100000,,184,5,36.38563439911255,27.483374043476626,27.1349010001868,2.182637368340093,48.182595000136644,26.64704199996777,5056.940823999699,5058.20447900123
csv_sum,arquero,[],1785281228455,"[1000000.0, 10000.0]",,arquero_csv_sum_1000000,,20,5,3.401468055482931,293.99070744999915,288.89423800003715,13.292626926418324,341.5955040000845,282.52109199995175,5879.814148999983,5880.095609000418
csv_sum,duckdb,[sync],1785281228455,"[1000.0, 10.0]",,duckdb_sync_csv_sum_1000,,1029,5,205.98624068797116,4.854693190477729,4.405947000021115,1.835836712413977,40.45612200000323,4.147005000151694,4995.479293001583,5005.149812002201
csv_sum,duckdb,[sync],1785281228455,"[10000.0, 100.0]",,duckdb_sync_csv_sum_10000,,636,5,126.79769798828309,7.8865785094332415,7.806529000168666,0.4508885799683107,14.596451999852434,7.645579000003636,5015.863931999542,5019.597959997831
csv_sum,duckdb,[sync],1785281228455,"[100000.0, 1000.0]",,duckdb_sync_csv_sum_100000,,199,5,39.26023493157341,25.471065105517024,25.351529999868944,0.46979991535262694,29.858536999905482,25.19542000000365,5068.741955997888,5069.920591999311
csv_sum,duckdb,[sync],1785281228455,"[1000000.0, 10000.0]",,duckdb_sync_csv_sum_1000000,,35,5,6.255134200747826,159.86867234286453,159.78387799998745,0.39396643028455,160.882397999987,159.28689299989492,5595.403532000259,5595.75954500027
tpch,lovefield,[],1785282204265,"[0.25, 1.0]",Lovefield does not support arithmetic operations and nested subqueries. Aggregates and order by clauses were often simplified. Some queries with nesting were dropped.,lovefield_tpch_025_q1,Benchmark `lovefield_tpch_025_q1` failed to run `fn`: a.getTime is not a function,1,1,0.0,0.0,0.0,0.0,0.0,0.0,0.0,0.0
tpch,lovefield,[],1785282204265,"[0.25, 3.0]",Lovefield does not support arithmetic operations and nested subqueries. Aggregates and order by clauses were often simplified. Some queries with nesting were dropped.,lovefield_tpch_025_q3,Benchmark `lovefield_tpch_025_q3` failed to run `fn`: a.getTime is not a function,1,1,0.0,0.0,0.0,0.0,0.0,0.0,0.0,0.0
tpch,lovefield,[],1785282204265,"[0.25, 4.0]",Lovefield does not support arithmetic operations and nested subqueries. Aggregates and order by clauses were often simplified. Some queries with nesting were dropped.,lovefield_tpch_025_q4,Benchmark `lovefield_tpch_025_q4` failed to run `fn`: a.getTime is not a function,1,1,0.0,0.0,0.0,0.0,0.0,0.0,0.0,0.0
tpch,lovefield,[],1785282204265,"[0.25, 5.0]",Lovefield does not support arithmetic operations and nested subqueries. Aggregates and order by clauses were often simplified. Some queries with nesting were dropped.,lovefield_tpch_025_q5,Benchmark `lovefield_tpch_025_q5` failed to run `fn`: a.getTime is not a function,1,1,0.0,0.0,0.0,0.0,0.0,0.0,0.0,0.0
tpch,lovefield,[],1785282204265,"[0.25, 6.0]",Lovefield does not support arithmetic operations and nested subqueries. Aggregates and order by clauses were often simplified. Some queries with nesting were dropped.,lovefield_tpch_025_q6,,12,4,2.0833186130235695,480.0033915833337,480.10486300010234,13.860461314278087,502.41677200002596,459.3403010000475,5760.040699000005,5760.7608410003595
tpch,lovefield,[],1785282204265,"[0.25, 7.0]",Lovefield does not support arithmetic operations and nested subqueries. Aggregates and order by clauses were often simplified. Some queries with nesting were dropped.,lovefield_tpch_025_q7,Benchmark `lovefield_tpch_025_q7` failed to run `fn`: a.getTime is not a function,1,1,0.0,0.0,0.0,0.0,0.0,0.0,0.0,0.0
tpch,lovefield,[],1785282204265,"[0.25, 8.0]",Lovefield does not support arithmetic operations and nested subqueries. Aggregates and order by clauses were often simplified. Some queries with nesting were dropped.,lovefield_tpch_025_q8,Benchmark `lovefield_tpch_025_q8` failed to run `fn`: a.getTime is not a function,1,1,0.0,0.0,0.0,0.0,0.0,0.0,0.0,0.0
tpch,lovefield,[],1785282204265,"[0.25, 10.0]",Lovefield does not support arithmetic operations and nested subqueries. Aggregates and order by clauses were often simplified. Some queries with nesting were dropped.,lovefield_tpch_025_q10,Benchmark `lovefield_tpch_025_q10` failed to run `fn`: a.getTime is not a function,1,1,0.0,0.0,0.0,0.0,0.0,0.0,0.0,0.0
tpch,lovefield,[],1785282204265,"[0.25, 12.0]",Lovefield does not support arithmetic operations and nested subqueries. Aggregates and order by clauses were often simplified. Some queries with nesting were dropped.,lovefield_tpch_025_q12,Benchmark `lovefield_tpch_025_q12` failed to run `fn`: a.getTime is not a function,1,1,0.0,0.0,0.0,0.0,0.0,0.0,0.0,0.0
tpch,lovefield,[],1785282204265,"[0.25, 13.0]","",lovefield_tpch_025_q13,,3,3,0.45977815468324307,2174.9619676666334,2169.062592000235,16.75510922066033,2197.7862259997055,2158.03708499996,6524.8859029999,6524.946074999869
tpch,lovefield,[],1785282204265,"[0.25, 14.0]","",lovefield_tpch_025_q14,Benchmark `lovefield_tpch_025_q14` failed to run `fn`: a.getTime is not a function,1,1,0.0,0.0,0.0,0.0,0.0,0.0,0.0,0.0
tpch,lovefield,[],1785282204265,"[0.25, 16.0]","",lovefield_tpch_025_q16,,11,4,2.0296762638405044,492.68940954545343,489.0035120001994,20.327813474183714,546.6327390000224,464.0903239999898,5419.583504999988,5419.791031999979
tpch,lovefield,[],1785282204265,"[0.25, 19.0]",Lovefield does not support arithmetic operations and nested subqueries. Aggregates and order by clauses were often simplified. Some queries with nesting were dropped.,lovefield_tpch_025_q19,,2,2,0.29119446741693555,3434.131180000026,3812.4813300003298,378.350150000304,3812.4813300003298,3055.781029999722,6868.262360000052,6868.294329999946
tpch,duckdb,[sync],1785282312347,"[0.5, 1.0]",,duckdb_sync_tpch_05_q1,,25,5,4.9041655673369995,203.90828699998556,202.54690899979323,4.485777705098172,220.34596899989992,199.67735800007358,5097.707174999639,5098.441139000002
tpch,duckdb,[sync],1785282312347,"[0.5, 2.0]",,duckdb_sync_tpch_05_q2,,351,5,69.94952712556274,14.296022304839207,13.567648999858648,2.1047250886545315,26.97055200021714,12.559249000158161,5017.903828998562,5021.518895999994
tpch,duckdb,[sync],1785282312347,"[0.5, 3.0]",,duckdb_sync_tpch_05_q3,,116,5,22.935219523463775,43.6010651206959,43.29387900000438,2.2361934750609556,62.86079500010237,41.67578099993989,5057.723554000724,5059.001905997284
tpch,duckdb,[sync],1785282312347,"[0.5, 4.0]",,duckdb_sync_tpch_05_q4,,96,5,18.60515843820128,53.74853448959281,53.46359999990091,1.727694947199391,65.24656100012362,51.96701900009066,5159.85931100091,5161.074904002249
tpch,duckdb,[sync],1785282312347,"[0.5, 5.0]",,duckdb_sync_tpch_05_q5,,110,5,21.441814363733748,46.63784430907955,46.5746550001204,1.0769682112187275,54.75822399975732,45.16383399954066,5130.16287399875,5131.437445001677
tpch,duckdb,[sync],1785282312347,"[0.5, 6.0]",,duckdb_sync_tpch_05_q6,,210,5,41.72466429772004,23.96663980001495,23.736817999742925,0.9240286338778313,32.75190500030294,23.081346000079066,5032.9943580031395,5035.13898300007
tpch,duckdb,[sync],1785282312347,"[0.5, 7.0]",,duckdb_sync_tpch_05_q7,,100,5,19.692914729481217,50.779684660034256,50.51833499968052,1.1125225071637495,55.7068900000304,49.4082850003615,5077.968466003425,5079.199743999634
tpch,duckdb,[sync],1785282312347,"[0.5, 8.0]",,duckdb_sync_tpch_05_q8,,76,5,14.938161740937474,66.94264109214572,66.83342599961907,0.8920924387814307,71.21863400004804,64.85201800009236,5087.6407230030745,5088.394976999145
tpch,duckdb,[sync],1785282312347,"[0.5, 9.0]",,duckdb_sync_tpch_05_q9,,40,5,7.800578655972883,128.19561780000805,128.00283499993384,2.9792733298044194,135.43599599972367,121.11592300003394,5127.824712000322,5128.277637000661
tpch,duckdb,[sync],1785282312347,"[0.5, 10.0]",,duckdb_sync_tpch_05_q10,,45,5,8.685235644374254,115.13792382222083,115.0304930000566,1.3151932533096942,120.02659199992195,112.07557500014082,5181.206571999937,5181.73875600053
tpch,duckdb,[sync],1785282312347,"[0.5, 11.0]",,duckdb_sync_tpch_05_q11,,791,5,157.84217796997433,6.335442230087739,6.204938999842852,0.6051553444434113,13.453524000011384,5.92562900017947,5011.334803999402,5016.409545006696
tpch,duckdb,[sync],1785282312347,"[0.5, 12.0]",,duckdb_sync_tpch_05_q12,,55,5,10.281086161154029,97.26598769091069,97.17318400042132,0.7562227144598485,99.81438499968499,95.86066900007427,5349.629323000088,5350.235305001959
tpch,duckdb,[sync],1785282312347,"[0.5, 13.0]",,duckdb_sync_tpch_05_q13,,40,5,7.441677768118223,134.3782989750267,134.2973110000603,0.5275964049308136,136.74496999988332,133.41748999990523,5375.131959001068,5375.61447000131
tpch,duckdb,[sync],1785282312347,"[0.5, 14.0]",,duckdb_sync_tpch_05_q14,,175,5,34.378716215192526,29.08776446858953,29.021807000041008,0.4487952604008898,31.273937999736518,28.47401800006628,5090.358782003168,5091.97811599914
tpch,duckdb,[sync],1785282312347,"[0.5, 15.0]",,duckdb_sync_tpch_05_q15,,210,5,41.73960087998144,23.958063300016025,23.9165580002591,0.351594675679381,26.5458420002833,23.438506999984384,5031.193293003365,5032.985049997922
tpch,duckdb,[sync],1785282312347,"[0.5, 16.0]",,duckdb_sync_tpch_05_q16,,166,5,32.825275303302405,30.46432941567422,30.053170999977738,1.4309479589814258,41.03315299982205,29.572965000290424,5057.078683001921,5058.408361996058
tpch,duckdb,[sync],1785282312347,"[0.5, 17.0]",,duckdb_sync_tpch_05_q17,,183,5,36.062147324423265,27.729907234967815,27.627826999872923,0.3732158014333585,29.221729999873787,27.201160999946296,5074.57302399911,5075.972025997005
tpch,duckdb,[sync],1785282312347,"[0.5, 18.0]",,duckdb_sync_tpch_05_q18,,40,5,7.75219267858041,128.99576177499256,129.8072899999097,2.7604303624739086,134.5276109999977,120.46785499993712,5159.830470999703,5160.221974000335
tpch,duckdb,[sync],1785282312347,"[0.5, 19.0]",,duckdb_sync_tpch_05_q19,,35,5,6.517306147849608,153.43762857142303,153.16915299976245,1.0867678315016402,158.5510279997252,152.27189500024542,5370.316999999806,5370.658628000878
tpch,duckdb,[sync],1785282312347,"[0.5, 20.0]",,duckdb_sync_tpch_05_q20,,130,5,25.67771008381928,38.94428267690998,38.91004600003362,0.5405861517792796,42.37467500008643,38.15281399991363,5062.756747998297,5066.373034000397
tpch,duckdb,[sync],1785282312347,"[0.5, 21.0]",,duckdb_sync_tpch_05_q21,,35,5,6.686472607316113,149.55568634287587,149.3686569998972,1.0593188864554464,153.88763399980962,147.79297900013626,5234.4490220006555,5234.797488000244
tpch,duckdb,[sync],1785282312347,"[0.5, 22.0]",,duckdb_sync_tpch_05_q22,,267,5,52.90372957093123,18.90225902994683,18.78460600040853,0.5055505208362773,24.031919000204653,18.605169999878854,5046.903160995804,5048.453156996518
integer_join3,lovefield,[],1785280999332,"[10.0, 100.0, 1000.0, 10.0, 10.0, 10.0]",,lovefield_integer_join3_10_100_1000_10_10_10,,12188,6,2046.2139794487123,0.4887074421558876,0.43895899993367493,0.18598200799049358,7.407872999901883,0.4004170000553131,5956.366304995958,5997.841118994751
integer_join3,lovefield,[],1785280999332,"[100.0, 1000.0, 10000.0, 10.0, 10.0, 100.0]",,lovefield_integer_join3_100_1000_10000_100_10_10,,1047,5,208.68564358238928,4.791896475644235,4.557251999969594,0.6720204163231644,13.28956099995412,4.044304999988526,5017.115609999513,5022.316909002489
integer_join3,lovefield,[],1785280999332,"[1000.0, 10000.0, 100000.0, 10.0, 10.0, 100.0]",,lovefield_integer_join3_1000_10000_100000_100_10_10,,129,5,25.29207434004704,39.53807768217006,37.96264600008726,7.9192980706920215,80.18159199994989,32.05760499997996,5100.412020999938,5102.100346999825
integer_join3,lovefield,[],1785280999332,"[10000.0, 100000.0, 1000000.0, 10.0, 10.0, 100.0]",,lovefield_integer_join3_10000_100000_1000000_100_10_10,,15,5,2.6490295658027123,377.4967304666449,359.23369599995203,48.02404166696839,516.2015619999729,345.74744099995587,5662.4509569996735,5662.676577000064
integer_join3,sqljs,[],1785280999332,"[10.0, 100.0, 1000.0, 10.0, 10.0, 10.0]",,sqljs_integer_join3_10_100_1000_10_10_10,,3957,5,793.8413909277788,1.2596974804139143,1.201321999891661,1.091046323496923,68.28776700003073,1.163831999991089,4984.622929997859,5001.839696001727
integer_join3,sqljs,[],1785280999332,"[100.0, 1000.0, 10000.0, 10.0, 10.0, 100.0]",,sqljs_integer_join3_100_1000_10000_100_10_10,,340,5,67.57598402745253,14.798156688236357,14.560214000055566,0.5372857612259193,16.539197000092827,14.47219000000041,5031.373274000362,5032.8723300007405
integer_join3,sqljs,[],1785280999332,"[1000.0, 10000.0, 100000.0, 10.0, 10.0, 100.0]",,sqljs_integer_join3_1000_10000_100000_100_10_10,,40,5,7.261172095615919,137.71881272498285,137.47191399999429,0.8313287678239067,140.47070800000802,136.6549019999802,5508.752508999314,5509.039776999736
integer_join3,sqljs,[],1785280999332,"[10000.0, 100000.0, 1000000.0, 10.0, 10.0, 100.0]",,sqljs_integer_join3_10000_100000_1000000_100_10_10,,3,3,0.4107870250785347,2434.351473999986,2424.3960349999834,14.285639665094692,2454.5537189999595,2424.1046680000145,7303.054421999957,7303.12921100005
integer_join3,arquero,[],1785280999332,"[10.0, 100.0, 1000.0, 10.0, 10.0, 10.0]",,arquero_integer_join3_10_100_1000_10_10_10,,13078,6,2199.8017046445825,0.4545864283533537,0.42841000005137175,0.16594284538021292,13.141313000000082,0.3984139999374747,5945.08131000516,5997.791399998707
integer_join3,arquero,[],1785280999332,"[100.0, 1000.0, 10000.0, 10.0, 10.0, 100.0]",,arquero_integer_join3_100_1000_10000_100_10_10,,1204,5,240.46335500612727,4.158637809800661,4.07993499992881,0.2458978911707799,9.064447000040673,3.945964000071399,5006.999922999996,5012.518282000208
integer_join3,arquero,[],1785280999332,"[1000.0, 10000.0, 100000.0, 10.0, 10.0, 100.0]",,arquero_integer_join3_1000_10000_100000_100_10_10,,308,5,61.2885458412347,16.316262464285842,16.15193199994974,0.770497776431487,26.439172999933362,15.899921000003815,5025.40883900004,5027.213665000047
integer_join3,arquero,[],1785280999332,"[10000.0, 100000.0, 1000000.0, 10.0, 10.0, 100.0]",,arquero_integer_join3_10000_100000_1000000_100_10_10,,35,5,6.513155046137211,153.5354206857205,153.1137040000176,1.2149137496263922,157.58692199992947,152.5271799999755,5373.739724000217,5374.241043999908
integer_join3,duckdb,[sync],1785280999332,"[10.0, 100.0, 1000.0, 10.0, 10.0, 10.0]",,duckdb_sync_integer_join3_10_100_1000_10_10_10,,3737,5,750.530982895753,1.3323900315770145,1.1386740000452846,0.6103133220879458,9.610308000002988,1.054827000014484,4979.141548003303,5001.8764940025285
integer_join3,duckdb,[sync],1785280999332,"[100.0, 1000.0, 10000.0, 10.0, 10.0, 100.0]",,duckdb_sync_integer_join3_100_1000_10000_100_10_10,,316,5,62.69935292745564,15.949127914557893,16.06785300001502,1.5968979866933162,19.715328000020236,3.2532179999398068,5039.924421000294,5041.621940000099
integer_join3,duckdb,[sync],1785280999332,"[1000.0, 10000.0, 100000.0, 10.0, 10.0, 100.0]",,duckdb_sync_integer_join3_1000_10000_100000_100_10_10,,267,5,53.02276010336669,18.85982544195214,18.589347000001,0.9900399841909138,27.822691000066698,18.375447000027634,5035.573393001221,5037.195426000166
integer_join3,duckdb,[sync],1785280999332,"[10000.0, 100000.0, 1000000.0, 10.0, 10.0, 100.0]",,duckdb_sync_integer_join3_10000_100000_1000000_100_10_10,,871,5,173.93648823802798,5.749224962111018,5.648552999948151,0.7353305583089486,24.786466000019573,5.565668000024743,5007.574941998697,5011.912558000651
tpch,sqljs,[],1785282426388,"[0.5, 1.0]",,sqljs_tpch_05_q1,,1,1,0.14823278445637858,6746.145960000344,6746.145960000344,0.0,6746.145960000344,6746.145960000344,6746.145960000344,6746.276223000139
tpch,sqljs,[],1785282426388,"[0.5, 2.0]",,sqljs_tpch_05_q2,,35,5,6.688889343377288,149.5016509714137,149.19329199986532,2.14631345477831,160.35078500024974,147.50212800037116,5232.55778399948,5233.503454999067
tpch,sqljs,[],1785282426388,"[0.5, 3.0]",,sqljs_tpch_05_q3,,5,5,0.9103958653929839,1098.4232662000693,1095.3893399997614,5.06130773573809,1107.6393320001662,1094.0096980002709,5492.116331000347,5492.254358000122
tpch,sqljs,[],1785282426388,"[0.5, 4.0]",,sqljs_tpch_05_q4,,25,5,4.123790165987542,242.4953646400012,242.05207700002939,1.205425202904648,247.38777200039476,241.41518000001088,6062.38411600003,6062.864301001187
tpch,sqljs,[],1785282426389,"[0.5, 5.0]",,sqljs_tpch_05_q5,,5,5,0.8464785530087789,1181.3648395999335,1178.3506330000237,5.3606491633862055,1191.231472000014,1176.4605719996616,5906.824197999667,5906.947487999685
tpch,sqljs,[],1785282426389,"[0.5, 6.0]",,sqljs_tpch_05_q6,,8,4,1.3681790745903644,730.898475624912,731.4961099997163,1.5196629070760839,732.6791559997946,728.4234710000455,5847.187804999296,5847.379149998538
tpch,sqljs,[],1785282426389,"[0.5, 7.0]",,sqljs_tpch_05_q7,,4,4,0.6127227573114699,1632.059505000012,1633.2178760003299,3.877429795480801,1636.7752290000208,1626.0155719998293,6528.238020000048,6528.506721000653
tpch,sqljs,[],1785282426389,"[0.5, 8.0]",,sqljs_tpch_05_q8,,2,2,0.38671458254990654,2585.88645250001,2588.7622360000387,2.875783500028774,2588.7622360000387,2583.010668999981,5171.77290500002,5172.151661999989
tpch,sqljs,[],1785282426389,"[0.5, 9.0]",,sqljs_tpch_05_q9,,2,2,0.20145965392309906,4963.773046000162,4964.073834000155,0.30078799999319017,4964.073834000155,4963.472258000169,9927.546092000324,9927.856420999859
tpch,sqljs,[],1785282426389,"[0.5, 10.0]",,sqljs_tpch_05_q10,,8,4,1.2861735904301694,777.5000260000234,775.4995900001377,4.406145275348255,786.4931469997391,773.4377159997821,6220.000208000187,6223.943571000826
tpch,sqljs,[],1785282426389,"[0.5, 11.0]",,sqljs_tpch_05_q11,,15,5,2.6033891938623297,384.11467726668343,384.32862200029194,1.1409102434257268,386.2671619998291,382.38533899979666,5761.720159000251,5762.027170999441
tpch,sqljs,[],1785282426389,"[0.5, 12.0]",,sqljs_tpch_05_q12,,8,4,1.571301822394978,636.4149686250603,636.2191150002182,1.039306335587471,638.1728940000758,635.4517339998856,5091.319749000482,5091.486952000763
tpch,sqljs,[],1785282426389,"[0.5, 13.0]",,sqljs_tpch_05_q13,,2,2,0.26661605732224786,3750.7118290003855,3768.1921300003305,17.48030099994503,3768.1921300003305,3733.2315280004404,7501.423658000771,7501.4759170003235
tpch,sqljs,[],1785282426389,"[0.5, 14.0]",,sqljs_tpch_05_q14,,8,4,1.455822622321083,686.8968682500999,685.3525660000741,4.2499406995461735,697.9934300002642,684.5902040000074,5495.1749460007995,5495.361641000025
tpch,sqljs,[],1785282426389,"[0.5, 15.0]",,sqljs_tpch_05_q15,,4,4,0.7181663894672491,1392.4349769999972,1394.6439050002955,4.152417313812517,1398.0343049997464,1387.4692440000363,5569.739907999989,5569.809727999847
tpch,sqljs,[],1785282426389,"[0.5, 16.0]",,sqljs_tpch_05_q16,,20,5,3.57694646677513,279.56806435002943,278.5556930000894,2.250637633400421,284.12607999984175,276.97921400005,5591.361287000589,5591.712276000064
tpch,sqljs,[],1785282426389,"[0.5, 18.0]",,sqljs_tpch_05_q18,,8,4,1.2239699550834449,817.0135188749991,815.6533389999531,3.7291711267693297,825.8504909998737,813.4429020001553,6536.108150999993,6536.294417000376
tpch,sqljs,[],1785282426389,"[0.5, 19.0]",,sqljs_tpch_05_q19,,8,4,1.2655968032892828,790.1410602499964,790.4034579996951,1.3868674747776688,792.9999470002949,787.9746570000425,6321.128481999971,6321.303992000874
tpch,sqljs,[],1785282426389,"[0.5, 21.0]",,sqljs_tpch_05_q21,,2,2,0.2103083666320929,4754.922573999967,4758.362931000069,3.4403570001013577,4758.362931000069,4751.482216999866,9509.845147999935,9509.893238000106
tpch,sqljs,[],1785282054390,"[0.25, 1.0]",,sqljs_tpch_025_q1,,2,2,0.3357340379009949,2978.5481574998703,3381.5893009998836,403.0411435000133,3381.5893009998836,2575.507013999857,5957.096314999741,5957.271620999789
tpch,sqljs,[],1785282054390,"[0.25, 2.0]",,sqljs_tpch_025_q2,,70,5,13.427613724579206,74.47339642854807,74.11496699997224,1.1507341327650087,80.61194099998102,73.3438389999792,5213.137749998365,5214.856686001411
tpch,sqljs,[],1785282054390,"[0.25, 3.0]",,sqljs_tpch_025_q3,,10,5,1.8049671873932516,554.0266919999849,553.5130060000811,1.7258386065813498,557.8628080000635,552.4782359998208,5540.266919999849,5540.494922000449
tpch,sqljs,[],1785282054390,"[0.25, 4.0]",,sqljs_tpch_025_q4,,45,5,8.21649872322866,121.70634155554905,121.48868599999696,0.6718256710674628,123.14323099981993,120.90004800003953,5476.785369999707,5477.789789000526
tpch,sqljs,[],1785282054390,"[0.25, 5.0]",,sqljs_tpch_025_q5,,10,5,1.7041062597897134,586.8178667000495,586.0635649999604,1.7102655136768563,590.178899000166,584.8997780000791,5868.178667000495,5868.413487000624
tpch,sqljs,[],1785282054390,"[0.25, 6.0]",,sqljs_tpch_025_q6,,15,5,2.730517206257524,366.2309827999988,365.8519999999553,0.9302349461500462,368.66224299999885,365.2333970000036,5493.464741999982,5493.797340000747
tpch,sqljs,[],1785282054390,"[0.25, 7.0]",,sqljs_tpch_025_q7,,8,4,1.26256852422783,792.0362188750005,792.356316999998,1.5353916884161554,794.4002769999206,789.9860080000944,6336.289751000004,6336.569794000359
tpch,sqljs,[],1785282054390,"[0.25, 8.0]",,sqljs_tpch_025_q8,,5,5,0.8089230763063981,1236.2114881999325,1235.9389099997934,4.504379666078484,1244.2086489999201,1231.256790000014,6181.0574409996625,6181.202488999581
tpch,sqljs,[],1785282054390,"[0.25, 9.0]",,sqljs_tpch_025_q9,,3,3,0.4267305219392058,2343.3992849999727,2347.4521860000677,5.907113690828342,2347.699087999994,2335.046580999857,7030.1978549999185,7030.277022999944
tpch,sqljs,[],1785282054390,"[0.25, 10.0]",,sqljs_tpch_025_q10,,15,5,2.583053169445873,387.13875959995204,387.2484069999773,1.0622283030551047,389.04303299984895,385.11203900002874,5807.08139399928,5807.486611999571
tpch,sqljs,[],1785282054390,"[0.25, 11.0]",,sqljs_tpch_025_q11,,30,5,5.173122131771285,193.30686083330463,193.2124129999429,0.5970820260572521,194.54132100008428,192.15990999992937,5799.205824999139,5799.857542999787
tpch,sqljs,[],1785282054390,"[0.25, 12.0]",,sqljs_tpch_025_q12,,16,4,3.1071853901202315,321.83467493753415,321.4366190000437,1.4519705960068328,327.1979029998183,320.8657240001485,5149.354799000546,5149.712317999685
tpch,sqljs,[],1785282054390,"[0.25, 13.0]",,sqljs_tpch_025_q13,,3,3,0.5870349702467066,1703.4760290000122,1702.6316050000023,6.277907477831575,1711.552219999954,1696.2442620000802,5110.428087000037,5110.525117999874
tpch,sqljs,[],1785282054390,"[0.25, 14.0]",,sqljs_tpch_025_q14,,15,5,2.8805063992929307,347.16117980000564,346.94975599995814,1.3693419921033911,350.99483900005,345.3228110000491,5207.417697000084,5207.749105999479
tpch,sqljs,[],1785282054390,"[0.25, 15.0]",,sqljs_tpch_025_q15,,8,4,1.4555835351724196,687.0096946250123,686.7552569999825,2.0563464224301535,691.9852500001434,685.101132000098,5496.077557000099,5496.266570999753
tpch,sqljs,[],1785282054390,"[0.25, 16.0]",,sqljs_tpch_025_q16,,40,5,7.8203701868618,127.87118462499348,127.97154900012538,0.9496694350821648,130.93078800011426,126.62520899996161,5114.847384999739,5115.730927998899
tpch,sqljs,[],1785282054390,"[0.25, 18.0]",,sqljs_tpch_025_q18,,15,5,2.4416689487805394,409.555931200025,409.57707799994387,1.1663258412739552,412.6907540000975,407.95804900000803,6143.338968000375,6143.702354999958
tpch,sqljs,[],1785282054390,"[0.25, 19.0]",,sqljs_tpch_025_q19,,15,5,2.4309761700864208,411.3573848666934,398.497789000161,14.887121648403102,428.34440000006,396.5738409999758,6170.3607730004005,6170.719912999775
tpch,sqljs,[],1785282054390,"[0.25, 21.0]",,sqljs_tpch_025_q21,,3,3,0.42763978006082254,2338.4166923333737,2338.544743000064,4.059308239415875,2343.3230469999835,2333.382287000073,7015.250077000121,7015.324287000345
tpch,duckdb,[sync],1785281941487,"[0.25, 1.0]",,duckdb_sync_tpch_025_q1,,50,5,9.62939873120021,103.84864391998853,102.59891299996525,3.778123410078141,125.1562870000489,100.98536500008777,5192.432195999427,5193.725138999056
tpch,duckdb,[sync],1785281941488,"[0.25, 2.0]",,duckdb_sync_tpch_025_q2,,462,5,92.15054600231555,10.85180764935318,10.25739199994132,1.8126949268997055,27.18329000007361,9.44836699985899,5013.535134001169,5018.516121000517
tpch,duckdb,[sync],1785281941488,"[0.25, 3.0]",,duckdb_sync_tpch_025_q3,,221,5,43.65296268852304,22.907952597291036,22.62300300016068,1.3769607859448845,35.45872600004077,21.799407000187784,5062.657524001319,5065.0666310011875
tpch,duckdb,[sync],1785281941488,"[0.25, 4.0]",,duckdb_sync_tpch_025_q4,,185,5,36.44924648386836,27.43540941079751,27.262314000166953,1.3021634891954743,42.5700670001097,26.324710000073537,5075.55074099754,5077.448480996536
tpch,duckdb,[sync],1785281941488,"[0.25, 5.0]",,duckdb_sync_tpch_025_q5,,201,5,39.764229691916945,25.14823014925081,24.98195599997416,0.783361147525616,31.055789000121877,24.066608999855816,5054.794259999413,5056.657815000275
tpch,duckdb,[sync],1785281941488,"[0.25, 6.0]",,duckdb_sync_tpch_025_q6,,410,5,81.59995088779102,12.254909336589073,12.11828300007619,0.567699460377506,17.617909000022337,11.70667800004594,5024.51282800152,5027.414978000801
tpch,duckdb,[sync],1785281941488,"[0.25, 7.0]",,duckdb_sync_tpch_025_q7,,184,5,36.14991618734012,27.662581423915032,27.452845999971032,0.9959644525849206,34.50571699999273,26.44267400004901,5089.914982000366,5091.82083200058
tpch,duckdb,[sync],1785281941488,"[0.25, 8.0]",,duckdb_sync_tpch_025_q8,,142,5,28.03709701796915,35.66703069719001,35.618411999894306,0.6581894376245802,39.696947999997064,34.15476300008595,5064.718359000981,5066.176410000538
tpch,duckdb,[sync],1785281941488,"[0.25, 9.0]",,duckdb_sync_tpch_025_q9,,80,5,15.25033430238734,65.57233305000118,65.98442000010982,1.6139666372479404,70.55111100012437,61.81917700008489,5245.786644000094,5246.664361001225
tpch,duckdb,[sync],1785281941488,"[0.25, 10.0]",,duckdb_sync_tpch_025_q10,,89,5,17.042392941142204,58.67720592135218,58.62678699987009,0.9041327818696988,60.908998999977484,56.64808399998583,5222.271327000344,5223.295910000335
tpch,duckdb,[sync],1785281941488,"[0.25, 11.0]",,duckdb_sync_tpch_025_q11,,1030,5,205.712718157135,4.8611481533978065,4.740578999975696,0.5410207586560987,12.036652999930084,4.592413000063971,5006.98259799974,5012.912992000347
tpch,duckdb,[sync],1785281941488,"[0.25, 12.0]",,duckdb_sync_tpch_025_q12,,100,5,19.903606103188277,50.24215184000321,50.123568000039086,0.6344441821923232,52.72099999990314,49.15360999992117,5024.215184000321,5025.293948000064
tpch,duckdb,[sync],1785281941488,"[0.25, 13.0]",,duckdb_sync_tpch_025_q13,,75,5,14.849193729737603,67.34372371998616,67.27542700013146,0.7259924913569842,72.09021399985068,66.42989999987185,5050.779278998962,5051.548623000737
tpch,duckdb,[sync],1785281941488,"[0.25, 14.0]",,duckdb_sync_tpch_025_q14,,324,5,64.39866648013138,15.528271851848443,15.575000000186265,0.4634284699912143,19.263046000152826,14.577210000017658,5031.1600799988955,5033.791107000317
tpch,duckdb,[sync],1785281941488,"[0.25, 15.0]",,duckdb_sync_tpch_025_q15,,409,5,81.50814799663381,12.268712080678103,12.160834999987856,0.7593042745929561,19.026275999844074,11.409993999870494,5017.903240997344,5020.450638002716
tpch,duckdb,[sync],1785281941488,"[0.25, 16.0]",,duckdb_sync_tpch_025_q16,,298,5,59.18942938602642,16.894908607381883,16.678967999992892,0.9038257041970906,23.807741000084206,16.368109999923036,5034.682764999801,5036.352540999418
tpch,duckdb,[sync],1785281941488,"[0.25, 17.0]",,duckdb_sync_tpch_025_q17,,328,5,65.17353193634243,15.343652097553031,15.2663449998945,0.2559456685522706,17.075458999956027,15.075720000080764,5032.717887997394,5034.350297998404
tpch,duckdb,[sync],1785281941488,"[0.25, 18.0]",,duckdb_sync_tpch_025_q18,,89,5,17.203839000565,58.126561168536774,58.34030000003986,2.2460734673781504,61.67216100008227,54.89330299990252,5173.263943999773,5174.1060050013475
tpch,duckdb,[sync],1785281941488,"[0.25, 19.0]",,duckdb_sync_tpch_025_q19,,65,5,12.882370040837904,77.62546773846262,77.37492100009695,0.98749811118162,83.48159800004214,76.71296699997038,5045.65540300007,5046.096898999764
tpch,duckdb,[sync],1785281941488,"[0.25, 20.0]",,duckdb_sync_tpch_025_q20,,249,5,49.22886242248771,20.313286775101282,20.22051199991256,0.48733302917666166,24.819215999916196,19.900596000021324,5058.008407000219,5059.394669998437
tpch,duckdb,[sync],1785281941488,"[0.25, 21.0]",,duckdb_sync_tpch_025_q21,,65,5,12.253050149272465,81.61233226156149,81.69026600010693,0.9183752959354257,83.47846999997273,80.0115559999831,5304.801597001497,5305.431446998846
tpch,duckdb,[sync],1785281941488,"[0.25, 22.0]",,duckdb_sync_tpch_025_q22,,475,5,94.61155398614027,10.569533612633515,10.489288000157103,0.44846738745775105,16.80655700014904,10.220116999931633,5020.52846600092,5023.320870998781
tpch,arquero,[],1785282165347,"[0.25, 1.0]",Arquero does not implement join reordering and query unnesting. The plans were generated by a relational database and were manually migrated to the Arquero API.,arquero_tpch_025_q1,"Benchmark `arquero_tpch_025_q1` failed to run `before` callback: Unrecognized type: ""undefined""",0,0,0.0,0.0,0.0,0.0,0.0,0.0,0.0,0.0
tpch,arquero,[],1785282165347,"[0.25, 2.0]",Arquero does not implement join reordering and query unnesting. The plans were generated by a relational database and were manually migrated to the Arquero API.,arquero_tpch_025_q2,"Benchmark `arquero_tpch_025_q2` failed to run `before` callback: Unrecognized type: ""undefined""",0,0,0.0,0.0,0.0,0.0,0.0,0.0,0.0,0.0
tpch,arquero,[],1785282165347,"[0.25, 3.0]",Arquero does not implement join reordering and query unnesting. The plans were generated by a relational database and were manually migrated to the Arquero API.,arquero_tpch_025_q3,"Benchmark `arquero_tpch_025_q3` failed to run `before` callback: Unrecognized type: ""undefined""",0,0,0.0,0.0,0.0,0.0,0.0,0.0,0.0,0.0
tpch,arquero,[],1785282165347,"[0.25, 4.0]",Arquero does not implement join reordering and query unnesting. The plans were generated by a relational database and were manually migrated to the Arquero API.,arquero_tpch_025_q4,"Benchmark `arquero_tpch_025_q4` failed to run `before` callback: Unrecognized type: ""undefined""",0,0,0.0,0.0,0.0,0.0,0.0,0.0,0.0,0.0
tpch,arquero,[],1785282165347,"[0.25, 5.0]",Arquero does not implement join reordering and query unnesting. The plans were generated by a relational database and were manually migrated to the Arquero API.,arquero_tpch_025_q5,"Benchmark `arquero_tpch_025_q5` failed to run `before` callback: Unrecognized type: ""undefined""",0,0,0.0,0.0,0.0,0.0,0.0,0.0,0.0,0.0
tpch,arquero,[],1785282165347,"[0.25, 6.0]",Arquero does not implement join reordering and query unnesting. The plans were generated by a relational database and were manually migrated to the Arquero API.,arquero_tpch_025_q6,"Benchmark `arquero_tpch_025_q6` failed to run `before` callback: Unrecognized type: ""undefined""",0,0,0.0,0.0,0.0,0.0,0.0,0.0,0.0,0.0
tpch,arquero,[],1785282165347,"[0.25, 7.0]",Arquero does not implement join reordering and query unnesting. The plans were generated by a relational database and were manually migrated to the Arquero API.,arquero_tpch_025_q7,"Benchmark `arquero_tpch_025_q7` failed to run `before` callback: Unrecognized type: ""undefined""",0,0,0.0,0.0,0.0,0.0,0.0,0.0,0.0,0.0
tpch,arquero,[],1785282165347,"[0.25, 8.0]",Arquero does not implement join reordering and query unnesting. The plans were generated by a relational database and were manually migrated to the Arquero API.,arquero_tpch_025_q8,"Benchmark `arquero_tpch_025_q8` failed to run `before` callback: Unrecognized type: ""undefined""",0,0,0.0,0.0,0.0,0.0,0.0,0.0,0.0,0.0
tpch,arquero,[],1785282165347,"[0.25, 10.0]",Arquero does not implement join reordering and query unnesting. The plans were generated by a relational database and were manually migrated to the Arquero API.,arquero_tpch_025_q10,"Benchmark `arquero_tpch_025_q10` failed to run `before` callback: Unrecognized type: ""undefined""",0,0,0.0,0.0,0.0,0.0,0.0,0.0,0.0,0.0
tpch,arquero,[],1785282165347,"[0.25, 11.0]",Arquero does not implement join reordering and query unnesting. The plans were generated by a relational database and were manually migrated to the Arquero API.,arquero_tpch_025_q11,"Benchmark `arquero_tpch_025_q11` failed to run `before` callback: Unrecognized type: ""undefined""",0,0,0.0,0.0,0.0,0.0,0.0,0.0,0.0,0.0
tpch,arquero,[],1785282165347,"[0.25, 12.0]",Arquero does not implement join reordering and query unnesting. The plans were generated by a relational database and were manually migrated to the Arquero API.,arquero_tpch_025_q12,"Benchmark `arquero_tpch_025_q12` failed to run `before` callback: Unrecognized type: ""undefined""",0,0,0.0,0.0,0.0,0.0,0.0,0.0,0.0,0.0
tpch,arquero,[],1785282165347,"[0.25, 13.0]",Arquero does not implement join reordering and query unnesting. The plans were generated by a relational database and were manually migrated to the Arquero API.,arquero_tpch_025_q13,"Benchmark `arquero_tpch_025_q13` failed to run `before` callback: Unrecognized type: ""undefined""",0,0,0.0,0.0,0.0,0.0,0.0,0.0,0.0,0.0
tpch,arquero,[],1785282165347,"[0.25, 14.0]",Arquero does not implement join reordering and query unnesting. The plans were generated by a relational database and were manually migrated to the Arquero API.,arquero_tpch_025_q14,"Benchmark `arquero_tpch_025_q14` failed to run `before` callback: Unrecognized type: ""undefined""",0,0,0.0,0.0,0.0,0.0,0.0,0.0,0.0,0.0
tpch,arquero,[],1785282165347,"[0.25, 15.0]",Arquero does not implement join reordering and query unnesting. The plans were generated by a relational database and were manually migrated to the Arquero API.,arquero_tpch_025_q15,"Benchmark `arquero_tpch_025_q15` failed to run `before` callback: Unrecognized type: ""undefined""",0,0,0.0,0.0,0.0,0.0,0.0,0.0,0.0,0.0
tpch,arquero,[],1785282165347,"[0.25, 16.0]",Arquero does not implement join reordering and query unnesting. The plans were generated by a relational database and were manually migrated to the Arquero API.,arquero_tpch_025_q16,"Benchmark `arquero_tpch_025_q16` failed to run `before` callback: Unrecognized type: ""undefined""",0,0,0.0,0.0,0.0,0.0,0.0,0.0,0.0,0.0
tpch,arquero,[],1785282165347,"[0.25, 17.0]",Arquero does not implement join reordering and query unnesting. The plans were generated by a relational database and were manually migrated to the Arquero API.,arquero_tpch_025_q17,"Benchmark `arquero_tpch_025_q17` failed to run `before` callback: Unrecognized type: ""undefined""",0,0,0.0,0.0,0.0,0.0,0.0,0.0,0.0,0.0
tpch,arquero,[],1785282165348,"[0.25, 18.0]",Arquero does not implement join reordering and query unnesting. The plans were generated by a relational database and were manually migrated to the Arquero API.,arquero_tpch_025_q18,"Benchmark `arquero_tpch_025_q18` failed to run `before` callback: Unrecognized type: ""undefined""",0,0,0.0,0.0,0.0,0.0,0.0,0.0,0.0,0.0
tpch,arquero,[],1785282165348,"[0.25, 19.0]",Arquero does not implement join reordering and query unnesting. The plans were generated by a relational database and were manually migrated to the Arquero API.,arquero_tpch_025_q19,"Benchmark `arquero_tpch_025_q19` failed to run `before` callback: Unrecognized type: ""undefined""",0,0,0.0,0.0,0.0,0.0,0.0,0.0,0.0,0.0
tpch,arquero,[],1785282165348,"[0.25, 20.0]",Arquero does not implement join reordering and query unnesting. The plans were generated by a relational database and were manually migrated to the Arquero API.,arquero_tpch_025_q20,"Benchmark `arquero_tpch_025_q20` failed to run `before` callback: Unrecognized type: ""undefined""",0,0,0.0,0.0,0.0,0.0,0.0,0.0,0.0,0.0
tpch,arquero,[],1785282165348,"[0.25, 22.0]",Arquero does not implement join reordering and query unnesting. The plans were generated by a relational database and were manually migrated to the Arquero API.,arquero_tpch_025_q22,"Benchmark `arquero_tpch_025_q22` failed to run `before` callback: Unrecognized type: ""undefined""",0,0,0.0,0.0,0.0,0.0,0.0,0.0,0.0,0.0
integer_join2,lovefield,[],1785280907429,"[1000.0, 10000.0, 10.0, 100.0]",,lovefield_integer_join2_1000_10000_100_10,,2846,5,570.7523833571807,1.7520732793404616,1.6813769999425858,0.5160839867949492,21.032233000034466,1.4148209999548271,4986.4005530029535,5002.855879002949
integer_join2,lovefield,[],1785280907429,"[10000.0, 100000.0, 10.0, 100.0]",,lovefield_integer_join2_10000_100000_100_10,,192,5,38.12878061902759,26.22690743750051,25.137132000061683,5.535923168362443,65.08209499996156,22.697067000088282,5035.566228000098,5038.1793149993755
integer_join2,lovefield,[],1785280907429,"[100000.0, 100000.0, 10.0, 100.0]",,lovefield_integer_join2_100000_100000_100_10,,103,5,19.821304348310957,50.45076663106752,49.16163100011181,9.463462955023381,94.07559200003743,39.63103599997703,5196.428962999955,5197.860801000148
integer_join2,lovefield,[],1785280907429,"[100000.0, 1000000.0, 10.0, 100.0]",,lovefield_integer_join2_100000_1000000_100_10,,15,4,2.916435609058397,342.8843060666307,329.73434999992605,47.62430816482891,489.11188300000504,308.2907069999492,5143.264590999461,5143.579127999954
integer_join2,sqljs,[],1785280907429,"[1000.0, 10000.0, 10.0, 100.0]",,sqljs_integer_join2_1000_10000_10_100,,488,5,97.2009317574081,10.287967223357256,10.0988570000045,1.29875766500754,30.746100999996997,10.042591999983415,5020.528004998341,5023.180801999522
integer_join2,sqljs,[],1785280907429,"[10000.0, 100000.0, 10.0, 100.0]",,sqljs_integer_join2_10000_100000_10_100,,40,5,7.961323286414552,125.60725949999178,125.61701400007587,0.3970875097931685,127.24785899999551,124.799898999976,5024.290379999671,5024.811023000046
integer_join2,sqljs,[],1785280907429,"[100000.0, 100000.0, 10.0, 100.0]",,sqljs_integer_join2_100000_100000_10_100,,40,5,7.6365610200843586,130.9489961999876,130.818651999929,0.5617345058752141,133.51117599999998,130.40096300002187,5237.959847999504,5238.518284000107
integer_join2,sqljs,[],1785280907429,"[100000.0, 1000000.0, 10.0, 100.0]",,sqljs_integer_join2_100000_1000000_10_100,,3,3,0.4339457655438597,2304.4354373333044,2300.796227999963,13.325777556295712,2322.268524999963,2290.2415589999873,6913.306311999913,6913.427936999826
integer_join2,arquero,[],1785280907429,"[1000.0, 10000.0, 10.0, 100.0]",,arquero_integer_join2_1000_10000_100_10,,3602,5,722.3316791689831,1.3844055699598616,1.3326250000391155,0.34103899701089524,17.27998099999968,1.2893049999838695,4986.6288629954215,5002.944123000721
integer_join2,arquero,[],1785280907429,"[10000.0, 100000.0, 10.0, 100.0]",,arquero_integer_join2_10000_100000_100_10,,400,5,79.62943588383405,12.558170090000786,12.146590999909677,0.9294849574757538,17.56388999999035,12.005131999962032,5023.268036000314,5025.387781001045
integer_join2,arquero,[],1785280907429,"[100000.0, 100000.0, 10.0, 100.0]",,arquero_integer_join2_100000_100000_100_10,,248,5,49.110795063225524,20.36212198789684,20.057659999933094,0.9367466055182901,25.916650000028312,19.95982699992601,5049.806252998416,5056.364069000585
integer_join2,arquero,[],1785280907429,"[100000.0, 1000000.0, 10.0, 100.0]",,arquero_integer_join2_100000_1000000_100_10,,35,5,6.91381550920339,144.63793525714428,144.57556399994064,1.4123330682444386,148.1045579999918,142.11261900002137,5062.3277340000495,5064.228491000249
integer_join2,duckdb,[sync],1785280907429,"[1000.0, 10000.0, 10.0, 100.0]",,duckdb_sync_integer_join2_1000_10000_10_100,,5421,6,908.1891603052322,1.101092199409109,0.9499220000579953,0.4529078593440632,9.345965999993496,0.8671170000452548,5969.02081299678,6000.065662997658
integer_join2,duckdb,[sync],1785280907429,"[10000.0, 100000.0, 10.0, 100.0]",,duckdb_sync_integer_join2_10000_100000_10_100,,4199,5,842.8453861432902,1.1864572274350593,1.1536019999766722,0.21364376462578885,4.480643999995664,1.1237470000050962,4981.933897999814,5001.3472590023885
integer_join2,duckdb,[sync],1785280907429,"[100000.0, 100000.0, 10.0, 100.0]",,duckdb_sync_integer_join2_100000_100000_10_100,,3445,5,690.6127386189911,1.4479895085626227,1.4231549999676645,0.20970928831750352,4.654562999960035,1.3906239999923855,4988.323856998235,5004.2066940012155
integer_join2,duckdb,[sync],1785280907429,"[100000.0, 1000000.0, 10.0, 100.0]",,duckdb_sync_integer_join2_100000_1000000_10_100,,1184,5,236.38850944435703,4.230324064188018,4.190677999984473,0.27215090973861134,7.819276999915019,4.150101999985054,5008.703691998613,5014.213851997163
tpch,duckdb,[sync],1785281278412,"[0.01, 1.0]",,duckdb_sync_tpch_001_q1,,862,5,172.30485160674948,5.803667109050969,5.413416000083089,1.111429738808842,13.629469000035897,5.1559960001613945,5002.761048001936,5010.141179001657
tpch,duckdb,[sync],1785281278412,"[0.01, 2.0]",,duckdb_sync_tpch_001_q2,,990,5,197.6033399868465,5.060643206064053,4.760399000020698,0.9712236463148641,14.29425899987109,4.622953000012785,5010.036774003413,5015.76316099707
tpch,duckdb,[sync],1785281278412,"[0.01, 3.0]",,duckdb_sync_tpch_001_q3,,1773,5,354.8707390488667,2.8179274591087013,2.7503200001083314,0.4279554033979392,9.841094000032172,2.674358000047505,4996.185384999728,5005.207275990397
tpch,duckdb,[sync],1785281278412,"[0.01, 4.0]",,duckdb_sync_tpch_001_q4,,1556,5,311.32075123239485,3.2121212480742076,3.152699999976903,0.3280355961722309,9.052733999909833,3.10056299995631,4998.060662003467,5004.7696840043645
tpch,duckdb,[sync],1785281278412,"[0.01, 5.0]",,duckdb_sync_tpch_001_q5,,995,5,198.7938679347131,5.030336249246959,4.965389999793842,0.4781676659710275,12.668426000047475,4.886693000094965,5005.1845680007245,5009.633937002858
tpch,duckdb,[sync],1785281278412,"[0.01, 6.0]",,duckdb_sync_tpch_001_q6,,4857,5,974.6909474884791,1.0259662332729527,1.0122769998852164,0.14998297676915617,4.851518000010401,0.9944050000049174,4983.117995006731,5001.173965993337
tpch,duckdb,[sync],1785281278412,"[0.01, 7.0]",,duckdb_sync_tpch_001_q7,,945,5,188.74775874104114,5.298076155553104,5.19562999997288,0.6808872032106,14.333872999995947,5.105702999979258,5006.681966997683,5010.768937002635
tpch,duckdb,[sync],1785281278412,"[0.01, 8.0]",,duckdb_sync_tpch_001_q8,,840,5,167.72183551608833,5.9622528988127925,5.87804300012067,0.6390698763115267,15.04827699996531,5.80743100005202,5008.292435002746,5011.84558900306
tpch,duckdb,[sync],1785281278413,"[0.01, 9.0]",,duckdb_sync_tpch_001_q9,,815,5,162.66332222092908,6.147667380368645,6.059711999958381,0.5773441156625916,14.697759000118822,5.9973059999756515,5010.348915000446,5014.220525006531
tpch,duckdb,[sync],1785281278413,"[0.01, 10.0]",,duckdb_sync_tpch_001_q10,,897,5,179.24730943419493,5.578884297658699,5.520095000043511,0.45611920025264857,12.600711999926716,5.460835000034422,5004.259214999853,5008.782796995249
tpch,duckdb,[sync],1785281278413,"[0.01, 11.0]",,duckdb_sync_tpch_001_q11,,2184,5,437.44745696949184,2.285988829213245,2.241211000131443,0.39093693629178694,9.942963999928907,2.1888019999023527,4992.599603001727,5002.624422002351
tpch,duckdb,[sync],1785281278413,"[0.01, 12.0]",,duckdb_sync_tpch_001_q12,,1270,5,253.6359570211179,3.9426586503929304,3.9042819999158382,0.3450441669089039,9.925991999916732,3.8385999999009073,5007.176485999022,5013.13340300438
tpch,duckdb,[sync],1785281278413,"[0.01, 13.0]",,duckdb_sync_tpch_001_q13,,1360,5,271.84180937916426,3.678610005884719,3.6480819999706,0.27161633635010907,8.9296449997928,3.5992000000551343,5002.909608003218,5009.122669999022
tpch,duckdb,[sync],1785281278413,"[0.01, 14.0]",,duckdb_sync_tpch_001_q14,,2987,5,598.5689667653605,1.6706512624668042,1.6470609998796135,0.2604001900460883,7.036067999899387,1.6034900001250207,4990.235320988344,5001.853623000672
tpch,duckdb,[sync],1785281278413,"[0.01, 15.0]",,duckdb_sync_tpch_001_q15,,2096,5,419.85772879690745,2.3817591803430096,2.3570440001785755,0.2557038694938336,8.359686000039801,2.325425999937579,4992.167241998948,5001.574288008735
tpch,duckdb,[sync],1785281278413,"[0.01, 16.0]",,duckdb_sync_tpch_001_q16,,1679,5,335.82727884661045,2.97772117689329,2.9186009999830276,0.42475622582718014,10.270046999910846,2.856726000085473,4999.593856003834,5007.013985002879
tpch,duckdb,[sync],1785281278413,"[0.01, 17.0]",,duckdb_sync_tpch_001_q17,,3221,5,645.3954996443949,1.5494375162996763,1.5321490000933409,0.29218934572733307,7.8485979998949915,1.4960920000448823,4990.7382400012575,5003.777884004172
tpch,duckdb,[sync],1785281278413,"[0.01, 18.0]",,duckdb_sync_tpch_001_q18,,1151,5,229.91043351084267,4.349519874890061,4.291017999872565,0.47109593196026744,11.568164999829605,4.232292999979109,5006.29737599846,5011.367597003235
tpch,duckdb,[sync],1785281278413,"[0.01, 19.0]",,duckdb_sync_tpch_001_q19,,958,5,191.04502120580844,5.234368284964217,5.179830000037327,0.5055672769971693,13.261452999897301,5.132301999954507,5014.524816995719,5018.670074997703
tpch,duckdb,[sync],1785281278413,"[0.01, 20.0]",,duckdb_sync_tpch_001_q20,,1170,5,233.66229088187268,4.279680714529788,4.234386999858543,0.4288575853839085,12.11365700000897,4.159866999834776,5007.226435999852,5012.449439003831
tpch,duckdb,[sync],1785281278413,"[0.01, 21.0]",,duckdb_sync_tpch_001_q21,,783,5,156.21935230188768,6.4012555759899685,6.31031099986285,0.5955626783962178,15.484474000055343,6.222152999835089,5012.183116000146,5015.65819700039
tpch,duckdb,[sync],1785281278413,"[0.01, 22.0]",,duckdb_sync_tpch_001_q22,,1878,5,375.97382761812264,2.6597596070322798,2.6212700000032783,0.35514960550695956,9.187147999880835,2.56214899988845,4995.028542006621,5003.262846007245
tpch,arquero,[],1785281850809,"[0.1, 1.0]",Arquero does not implement join reordering and query unnesting. The plans were generated by a relational database and were manually migrated to the Arquero API.,arquero_tpch_01_q1,"Benchmark `arquero_tpch_01_q1` failed to run `before` callback: Unrecognized type: ""undefined""",0,0,0.0,0.0,0.0,0.0,0.0,0.0,0.0,0.0
tpch,arquero,[],1785281850809,"[0.1, 2.0]",Arquero does not implement join reordering and query unnesting. The plans were generated by a relational database and were manually migrated to the Arquero API.,arquero_tpch_01_q2,"Benchmark `arquero_tpch_01_q2` failed to run `before` callback: Unrecognized type: ""undefined""",0,0,0.0,0.0,0.0,0.0,0.0,0.0,0.0,0.0
tpch,arquero,[],1785281850809,"[0.1, 3.0]",Arquero does not implement join reordering and query unnesting. The plans were generated by a relational database and were manually migrated to the Arquero API.,arquero_tpch_01_q3,"Benchmark `arquero_tpch_01_q3` failed to run `before` callback: Unrecognized type: ""undefined""",0,0,0.0,0.0,0.0,0.0,0.0,0.0,0.0,0.0
tpch,arquero,[],1785281850809,"[0.1, 4.0]",Arquero does not implement join reordering and query unnesting. The plans were generated by a relational database and were manually migrated to the Arquero API.,arquero_tpch_01_q4,"Benchmark `arquero_tpch_01_q4` failed to run `before` callback: Unrecognized type: ""undefined""",0,0,0.0,0.0,0.0,0.0,0.0,0.0,0.0,0.0
tpch,arquero,[],1785281850809,"[0.1, 5.0]",Arquero does not implement join reordering and query unnesting. The plans were generated by a relational database and were manually migrated to the Arquero API.,arquero_tpch_01_q5,"Benchmark `arquero_tpch_01_q5` failed to run `before` callback: Unrecognized type: ""undefined""",0,0,0.0,0.0,0.0,0.0,0.0,0.0,0.0,0.0
tpch,arquero,[],1785281850809,"[0.1, 6.0]",Arquero does not implement join reordering and query unnesting. The plans were generated by a relational database and were manually migrated to the Arquero API.,arquero_tpch_01_q6,"Benchmark `arquero_tpch_01_q6` failed to run `before` callback: Unrecognized type: ""undefined""",0,0,0.0,0.0,0.0,0.0,0.0,0.0,0.0,0.0
tpch,arquero,[],1785281850809,"[0.1, 7.0]",Arquero does not implement join reordering and query unnesting. The plans were generated by a relational database and were manually migrated to the Arquero API.,arquero_tpch_01_q7,"Benchmark `arquero_tpch_01_q7` failed to run `before` callback: Unrecognized type: ""undefined""",0,0,0.0,0.0,0.0,0.0,0.0,0.0,0.0,0.0
tpch,arquero,[],1785281850809,"[0.1, 8.0]",Arquero does not implement join reordering and query unnesting. The plans were generated by a relational database and were manually migrated to the Arquero API.,arquero_tpch_01_q8,"Benchmark `arquero_tpch_01_q8` failed to run `before` callback: Unrecognized type: ""undefined""",0,0,0.0,0.0,0.0,0.0,0.0,0.0,0.0,0.0
tpch,arquero,[],1785281850809,"[0.1, 10.0]",Arquero does not implement join reordering and query unnesting. The plans were generated by a relational database and were manually migrated to the Arquero API.,arquero_tpch_01_q10,"Benchmark `arquero_tpch_01_q10` failed to run `before` callback: Unrecognized type: ""undefined""",0,0,0.0,0.0,0.0,0.0,0.0,0.0,0.0,0.0
tpch,arquero,[],1785281850809,"[0.1, 11.0]",Arquero does not implement join reordering and query unnesting. The plans were generated by a relational database and were manually migrated to the Arquero API.,arquero_tpch_01_q11,"Benchmark `arquero_tpch_01_q11` failed to run `before` callback: Unrecognized type: ""undefined""",0,0,0.0,0.0,0.0,0.0,0.0,0.0,0.0,0.0
tpch,arquero,[],1785281850809,"[0.1, 12.0]",Arquero does not implement join reordering and query unnesting. The plans were generated by a relational database and were manually migrated to the Arquero API.,arquero_tpch_01_q12,"Benchmark `arquero_tpch_01_q12` failed to run `before` callback: Unrecognized type: ""undefined""",0,0,0.0,0.0,0.0,0.0,0.0,0.0,0.0,0.0
tpch,arquero,[],1785281850809,"[0.1, 13.0]",Arquero does not implement join reordering and query unnesting. The plans were generated by a relational database and were manually migrated to the Arquero API.,arquero_tpch_01_q13,"Benchmark `arquero_tpch_01_q13` failed to run `before` callback: Unrecognized type: ""undefined""",0,0,0.0,0.0,0.0,0.0,0.0,0.0,0.0,0.0
tpch,arquero,[],1785281850809,"[0.1, 14.0]",Arquero does not implement join reordering and query unnesting. The plans were generated by a relational database and were manually migrated to the Arquero API.,arquero_tpch_01_q14,"Benchmark `arquero_tpch_01_q14` failed to run `before` callback: Unrecognized type: ""undefined""",0,0,0.0,0.0,0.0,0.0,0.0,0.0,0.0,0.0
tpch,arquero,[],1785281850809,"[0.1, 15.0]",Arquero does not implement join reordering and query unnesting. The plans were generated by a relational database and were manually migrated to the Arquero API.,arquero_tpch_01_q15,"Benchmark `arquero_tpch_01_q15` failed to run `before` callback: Unrecognized type: ""undefined""",0,0,0.0,0.0,0.0,0.0,0.0,0.0,0.0,0.0
tpch,arquero,[],1785281850810,"[0.1, 16.0]",Arquero does not implement join reordering and query unnesting. The plans were generated by a relational database and were manually migrated to the Arquero API.,arquero_tpch_01_q16,"Benchmark `arquero_tpch_01_q16` failed to run `before` callback: Unrecognized type: ""undefined""",0,0,0.0,0.0,0.0,0.0,0.0,0.0,0.0,0.0
tpch,arquero,[],1785281850810,"[0.1, 17.0]",Arquero does not implement join reordering and query unnesting. The plans were generated by a relational database and were manually migrated to the Arquero API.,arquero_tpch_01_q17,"Benchmark `arquero_tpch_01_q17` failed to run `before` callback: Unrecognized type: ""undefined""",0,0,0.0,0.0,0.0,0.0,0.0,0.0,0.0,0.0
tpch,arquero,[],1785281850810,"[0.1, 18.0]",Arquero does not implement join reordering and query unnesting. The plans were generated by a relational database and were manually migrated to the Arquero API.,arquero_tpch_01_q18,"Benchmark `arquero_tpch_01_q18` failed to run `before` callback: Unrecognized type: ""undefined""",0,0,0.0,0.0,0.0,0.0,0.0,0.0,0.0,0.0
tpch,arquero,[],1785281850810,"[0.1, 19.0]",Arquero does not implement join reordering and query unnesting. The plans were generated by a relational database and were manually migrated to the Arquero API.,arquero_tpch_01_q19,"Benchmark `arquero_tpch_01_q19` failed to run `before` callback: Unrecognized type: ""undefined""",0,0,0.0,0.0,0.0,0.0,0.0,0.0,0.0,0.0
tpch,arquero,[],1785281850810,"[0.1, 20.0]",Arquero does not implement join reordering and query unnesting. The plans were generated by a relational database and were manually migrated to the Arquero API.,arquero_tpch_01_q20,"Benchmark `arquero_tpch_01_q20` failed to run `before` callback: Unrecognized type: ""undefined""",0,0,0.0,0.0,0.0,0.0,0.0,0.0,0.0,0.0
tpch,arquero,[],1785281850810,"[0.1, 22.0]",Arquero does not implement join reordering and query unnesting. The plans were generated by a relational database and were manually migrated to the Arquero API.,arquero_tpch_01_q22,"Benchmark `arquero_tpch_01_q22` failed to run `before` callback: Unrecognized type: ""undefined""",0,0,0.0,0.0,0.0,0.0,0.0,0.0,0.0,0.0
